event_key,ticker,company_name,owner_name,title,trade_date,transaction_date,snapshot_timestamp,snapshot_date,snapshot_kind,snapshot_day_idx,snapshot_price,days_remaining_in_10d_cycle,return_since_first_snapshot_pct,max_intraday_runup_so_far_pct,lookahead_days_used,label_end_date,hit_8pct_intraday_next3d,prob_HGB,prob_XGBoost,prob_ElasticNet,prob_SplineElasticNet,prob_ensemble_raw,prob_ensemble_calibrated,prob_metadata_baseline,prob_global_base_rate
EMYB|2024-08-27,EMYB,"Embassy Bancorp, Inc.",Lobach David M Jr,"COB, Pres, CEO",2024-08-27,2024-08-27 16:12:32,2024-08-28 09:30:00,2024-08-28,open,0,15.0,9,0.0,42.667333333333325,3,2024-09-05,0,0.0008869144365901491,0.06819096952676773,0.037471979193935356,0.03271798783583872,0.03481696274828299,0.05589954984830853,0.1688351446667256,0.10439814814814814
EMYB|2024-08-27,EMYB,"Embassy Bancorp, Inc.",Lobach David M Jr,"COB, Pres, CEO",2024-08-27,2024-08-27 16:12:32,2024-08-28 16:00:00,2024-08-28,close,1,15.0,8,0.0,42.667333333333325,3,2024-09-06,0,0.0008394725392154939,0.06819096952676773,0.031836006305839,0.024459354468276143,0.03133145071002459,0.05519682451574462,0.07693904037701302,0.10439814814814814
EMYB|2024-08-27,EMYB,"Embassy Bancorp, Inc.",Lobach David M Jr,"COB, Pres, CEO",2024-08-27,2024-08-27 16:12:32,2024-08-29 16:00:00,2024-08-29,close,2,15.5,7,3.3333333333333437,42.667333333333325,3,2024-09-09,0,0.01812885419441735,0.07678044587373734,0.044338167886291746,0.03536424450216516,0.043652928114152896,0.0577188825622635,0.07693904037701302,0.10439814814814814
JANL|2024-08-19,JANL,Janel Corp,Graves Gregory B,Dir,2024-08-19,2024-08-21 09:10:58,2024-08-29 16:00:00,2024-08-29,close,4,40.0,5,-4.761904761904767,47.61904761904763,3,2024-09-05,0,0.04714947703216392,0.13196541368961334,0.1105872730189549,0.08685723039961274,0.09413984853508624,0.06922238592770416,0.08270166360317517,0.10439814814814814
JANL|2024-08-19,JANL,Janel Corp,Graves Gregory B,Dir,2024-08-19,2024-08-21 09:10:58,2024-08-30 16:00:00,2024-08-30,close,5,40.0,4,-4.761904761904767,47.61904761904763,3,2024-09-19,0,0.023767975238356838,0.11238452792167664,0.08422307234238284,0.052735891396870155,0.06827786672482161,0.06308646929541678,0.08270166360317517,0.10439814814814814
FRAF|2024-09-04,FRAF,Franklin Financial Services Corp /pa/,Duffey Gregory A,Dir,2024-09-04,2024-09-06 09:49:58,2024-09-06 16:00:00,2024-09-06,close,0,32.2,9,0.0,13.50931677018632,3,2024-09-11,0,0.009195289830241447,0.06761004030704498,0.03608134847937962,0.02280929138183763,0.033923992499625924,0.055718717340352,0.03964274344768869,0.10439814814814814
EMYB|2024-08-27,EMYB,"Embassy Bancorp, Inc.",Lobach David M Jr,"COB, Pres, CEO",2024-08-27,2024-08-27 16:12:32,2024-09-09 16:00:00,2024-09-09,close,5,15.49,4,3.266666666666662,42.667333333333325,3,2024-09-18,0,0.0013516639901348135,0.07074761390686035,0.029340835053437122,0.02238898406235569,0.030957274253196995,0.055121881886128196,0.07693904037701302,0.10439814814814814
EMYB|2024-09-06,EMYB,"Embassy Bancorp, Inc.",Lobach David M Jr,"COB, Pres, CEO",2024-09-06,2024-09-06 15:08:58,2024-09-09 16:00:00,2024-09-09,close,1,15.49,8,0.5844155844155763,38.96168831168829,3,2024-09-18,0,0.001679470041431914,0.06654608249664307,0.0396401209455958,0.02834096809935012,0.034051660395755225,0.05574453718715952,0.07707293053127118,0.10439814814814814
FRAF|2024-09-04,FRAF,Franklin Financial Services Corp /pa/,Duffey Gregory A,Dir,2024-09-04,2024-09-06 09:49:58,2024-09-09 16:00:00,2024-09-09,close,1,32.14,8,-0.18633540372671176,13.50931677018632,3,2024-09-12,0,0.00049999539604029,0.06632641702890396,0.0326238328028158,0.01925946321708585,0.029677427111211477,0.054866269084734735,0.03964274344768869,0.10439814814814814
MERC|2024-09-06,MERC,Mercer International Inc.,Short Richard George,"CFO, SECRETARY",2024-09-06,2024-09-06 17:45:25,2024-09-09 09:30:00,2024-09-09,open,0,5.59,9,0.0,224.50805008944545,3,2024-09-11,1,0.25119293209021515,0.3068850040435791,0.3188720480207212,0.4310849745027888,0.3270087396643261,0.15397328439529753,0.16845136267652147,0.10439814814814814
PRKA|2024-09-04,PRKA,"Parks America, Inc","Focused Compounding Capital Management, LLC",Investment Mgr of 10% Owner,2024-09-04,2024-09-06 18:39:19,2024-09-09 09:30:00,2024-09-09,open,0,203.43,9,0.0,54.84441822740009,3,2024-09-11,0,0.1115644821891485,0.09082537889480591,0.0510338185250674,0.10851942309677567,0.09048577567644936,0.0683230578788437,0.31938199896637837,0.10439814814814814
PRKA|2024-09-04,PRKA,"Parks America, Inc","Focused Compounding Capital Management, LLC",Investment Mgr of 10% Owner,2024-09-04,2024-09-06 18:39:19,2024-09-09 16:00:00,2024-09-09,close,1,210.0,8,3.2296121516000476,54.84441822740009,3,2024-09-12,0,0.04173256443385702,0.09082537889480591,0.03966907809616558,0.08503626803209952,0.064315822364232,0.06219246022792403,0.1614620384827558,0.10439814814814814
FRAF|2024-09-04,FRAF,Franklin Financial Services Corp /pa/,Duffey Gregory A,Dir,2024-09-04,2024-09-06 09:49:58,2024-09-10 16:00:00,2024-09-10,close,2,32.14,7,-0.18633540372671176,13.50931677018632,3,2024-09-13,0,0.0005244911058966962,0.06603876501321793,0.029968357424770806,0.01501561380588972,0.027886806837443788,0.05451051736938838,0.03964274344768869,0.10439814814814814
ONEW|2024-09-05,ONEW,Onewater Marine Inc.,Singleton Philip Austin Jr.,CEO - See Remarks,2024-09-05,2024-09-09 16:51:20,2024-09-10 09:30:00,2024-09-10,open,0,22.24,9,0.0,182.32913669064752,3,2024-09-12,0,0.00715046477743436,0.13811561465263367,0.09909236673099056,0.06910813451383364,0.07836664516872306,0.0654173158171411,0.16867411906861446,0.10439814814814814
ONEW|2024-09-05,ONEW,Onewater Marine Inc.,Singleton Philip Austin Jr.,CEO - See Remarks,2024-09-05,2024-09-09 16:51:20,2024-09-10 16:00:00,2024-09-10,close,1,21.48,8,-3.4172661870503496,182.32913669064752,3,2024-09-13,0,0.014082370572338042,0.14181949198246002,0.09270969532027142,0.06489151233132841,0.07837576755159947,0.06541945920202084,0.07685755564338399,0.10439814814814814
PRKA|2024-09-04,PRKA,"Parks America, Inc","Focused Compounding Capital Management, LLC",Investment Mgr of 10% Owner,2024-09-04,2024-09-06 18:39:19,2024-09-10 16:00:00,2024-09-10,close,2,210.0,7,3.2296121516000476,54.84441822740009,3,2024-09-13,0,0.022594746590146122,0.08629798144102097,0.052994063254764946,0.0901358827728081,0.06300566851468503,0.06189944421447578,0.1614620384827558,0.10439814814814814
FRAF|2024-09-04,FRAF,Franklin Financial Services Corp /pa/,Duffey Gregory A,Dir,2024-09-04,2024-09-06 09:49:58,2024-09-11 16:00:00,2024-09-11,close,3,32.26,6,0.18633540372670065,13.50931677018632,3,2024-09-16,0,0.0007323341611538557,0.06603876501321793,0.026696567723682726,0.013772918229373859,0.026810146281857093,0.05429765925981626,0.03964274344768869,0.10439814814814814
ONEW|2024-09-05,ONEW,Onewater Marine Inc.,Singleton Philip Austin Jr.,CEO - See Remarks,2024-09-05,2024-09-09 16:51:20,2024-09-11 16:00:00,2024-09-11,close,2,21.57,7,-3.0125899280575408,182.32913669064752,3,2024-09-16,0,0.020504226840970627,0.13926751911640167,0.0897151565840979,0.05872182586638221,0.0770521821019631,0.06510915291821272,0.07685755564338399,0.10439814814814814
ONEW|2024-09-06,ONEW,Onewater Marine Inc.,Aisquith Anthony M,COO,2024-09-06,2024-09-10 16:53:00,2024-09-11 09:30:00,2024-09-11,open,0,21.7,9,0.0,189.3548387096774,3,2024-09-13,0,0.01558667129242223,0.13811561465263367,0.11145959930621328,0.07689858703203332,0.08551511807082562,0.0671170735871085,0.16866586464642128,0.10439814814814814
ONEW|2024-09-06,ONEW,Onewater Marine Inc.,Aisquith Anthony M,COO,2024-09-06,2024-09-10 16:53:00,2024-09-11 16:00:00,2024-09-11,close,1,21.57,8,-0.5990783410138256,189.3548387096774,3,2024-09-16,0,0.01749128274373407,0.13811561465263367,0.09720993561403532,0.05986215802279187,0.07816974775829873,0.06537106893671486,0.0768533790724031,0.10439814814814814
PRKA|2024-09-04,PRKA,"Parks America, Inc","Focused Compounding Capital Management, LLC",Investment Mgr of 10% Owner,2024-09-04,2024-09-06 18:39:19,2024-09-11 16:00:00,2024-09-11,close,3,210.0,6,3.2296121516000476,54.84441822740009,3,2024-09-16,0,0.027418347565066798,0.08242667466402054,0.04698628854347378,0.07221920732549872,0.05726262952451496,0.060630168003891045,0.1614620384827558,0.10439814814814814
FRAF|2024-09-04,FRAF,Franklin Financial Services Corp /pa/,Duffey Gregory A,Dir,2024-09-04,2024-09-06 09:49:58,2024-09-12 16:00:00,2024-09-12,close,4,32.0,5,-0.6211180124223725,13.50931677018632,3,2024-09-17,0,0.0005338424009413367,0.06603876501321793,0.026366541812263233,0.014705963935358468,0.026911278290445245,0.05431761988940034,0.03964274344768869,0.10439814814814814
MERC|2024-09-11,MERC,Mercer International Inc.,Rettig Rainer,Dir,2024-09-11,2024-09-11 17:04:31,2024-09-12 09:30:00,2024-09-12,open,0,6.2,9,0.0,192.5806451612903,3,2024-09-16,1,0.4887801359400011,0.20856662094593048,0.19466458193953667,0.2615514151629127,0.28839068849709526,0.1356168491877766,0.12792888894419818,0.10439814814814814
MERC|2024-09-11,MERC,Mercer International Inc.,Rettig Rainer,Dir,2024-09-11,2024-09-11 17:04:31,2024-09-12 16:00:00,2024-09-12,close,1,6.41,8,3.3870967741935543,192.5806451612903,3,2024-09-17,0,0.5208411406029559,0.20856662094593048,0.1567063334101575,0.2163226754444083,0.27560919260086303,0.1299611511715898,0.056776922098309104,0.10439814814814814
ONEW|2024-09-05,ONEW,Onewater Marine Inc.,Singleton Philip Austin Jr.,CEO - See Remarks,2024-09-05,2024-09-09 16:51:20,2024-09-12 16:00:00,2024-09-12,close,3,21.21,6,-4.631294964028765,182.32913669064752,3,2024-09-17,1,0.013899407722053775,0.10095465928316116,0.08848228900097131,0.06763057280128214,0.0677417322018671,0.062964796531955,0.07685755564338399,0.10439814814814814
ONEW|2024-09-06,ONEW,Onewater Marine Inc.,Aisquith Anthony M,COO,2024-09-06,2024-09-10 16:53:00,2024-09-12 16:00:00,2024-09-12,close,2,21.21,7,-2.2580645161290214,189.3548387096774,3,2024-09-17,1,0.00786667884711896,0.10095465928316116,0.095884923437581,0.0626373596236847,0.06683590529788645,0.06275972136887169,0.0768533790724031,0.10439814814814814
PRKA|2024-09-04,PRKA,"Parks America, Inc","Focused Compounding Capital Management, LLC",Investment Mgr of 10% Owner,2024-09-04,2024-09-06 18:39:19,2024-09-12 16:00:00,2024-09-12,close,4,213.65,5,5.0238411247111925,54.84441822740009,3,2024-09-19,0,0.021376129114825504,0.07993660122156143,0.027060003336461386,0.054823170450295514,0.04579897603078596,0.05816907396253791,0.1614620384827558,0.10439814814814814
FRAF|2024-09-04,FRAF,Franklin Financial Services Corp /pa/,Duffey Gregory A,Dir,2024-09-04,2024-09-06 09:49:58,2024-09-13 16:00:00,2024-09-13,close,5,32.01,4,-0.5900621118012594,13.50931677018632,3,2024-09-18,0,0.00041494699169551506,0.06578364968299866,0.02410997136535257,0.014493250772304117,0.026200454703087718,0.05417746961071048,0.03964274344768869,0.10439814814814814
MERC|2024-09-11,MERC,Mercer International Inc.,Rettig Rainer,Dir,2024-09-11,2024-09-11 17:04:31,2024-09-13 16:00:00,2024-09-13,close,2,6.74,7,8.709677419354843,192.5806451612903,3,2024-09-18,0,0.1852136382508434,0.19773070514202118,0.12051615445650492,0.21164720171133042,0.17877692489017497,0.09334730307472827,0.056776922098309104,0.10439814814814814
ONEW|2024-09-05,ONEW,Onewater Marine Inc.,Singleton Philip Austin Jr.,CEO - See Remarks,2024-09-05,2024-09-09 16:51:20,2024-09-13 16:00:00,2024-09-13,close,4,22.34,5,0.4496402877697925,182.32913669064752,3,2024-09-18,1,0.09229596824074932,0.12913964688777924,0.09226904822495942,0.06126512672201884,0.0937424475188767,0.069124050376647,0.07685755564338399,0.10439814814814814
ONEW|2024-09-06,ONEW,Onewater Marine Inc.,Aisquith Anthony M,COO,2024-09-06,2024-09-10 16:53:00,2024-09-13 16:00:00,2024-09-13,close,3,22.34,6,2.9493087557603603,189.3548387096774,3,2024-09-18,1,0.07611649569125563,0.13070711493492126,0.09995375161476266,0.0586877029595077,0.09136626630011181,0.06853876604993323,0.0768533790724031,0.10439814814814814
PRKA|2024-09-04,PRKA,"Parks America, Inc","Focused Compounding Capital Management, LLC",Investment Mgr of 10% Owner,2024-09-04,2024-09-06 18:39:19,2024-09-13 16:00:00,2024-09-13,close,5,210.0,4,3.2296121516000476,54.84441822740009,3,2024-09-20,0,0.07054244558388198,0.08242667466402054,0.029009941381098307,0.057073005421755044,0.05976301676268897,0.06117976145020539,0.1614620384827558,0.10439814814814814
AIM|2024-09-13,AIM,Aim Immunotech Inc.,Equels Thomas K,"CEO, Pres",2024-09-13,2024-09-16 15:45:11,2024-09-16 16:00:00,2024-09-16,close,0,0.2967,9,0.0,755.2409841590832,3,2024-09-19,1,0.08169852047382169,0.17295525968074799,0.20690359323790816,0.3456934674836718,0.2018127102190374,0.10111423313614364,0.07699549926631766,0.10439814814814814
FRAF|2024-09-04,FRAF,Franklin Financial Services Corp /pa/,Duffey Gregory A,Dir,2024-09-04,2024-09-06 09:49:58,2024-09-16 16:00:00,2024-09-16,close,6,32.0,3,-0.6211180124223725,13.50931677018632,3,2024-09-19,0,0.000408336217494185,0.06578364968299866,0.022509131747053407,0.013402064906302566,0.025525795638462204,0.05404476513319632,0.03964274344768869,0.10439814814814814
IZEA|2024-09-12,IZEA,"Izea Worldwide, Inc.",Gardner Lindsay A,Dir,2024-09-12,2024-09-13 16:01:25,2024-09-16 09:30:00,2024-09-16,open,0,2.6,9,0.0,758.4615384615385,3,2024-09-18,0,0.6522538286083559,0.22765715420246124,0.20596379812930576,0.2774373980869762,0.34082804475677475,0.1610192689257653,0.178357730770815,0.10439814814814814
IZEA|2024-09-12,IZEA,"Izea Worldwide, Inc.",Gardner Lindsay A,Dir,2024-09-12,2024-09-13 16:01:25,2024-09-16 16:00:00,2024-09-16,close,1,2.6,8,0.0,758.4615384615385,3,2024-09-19,0,0.6526303178568249,0.22765715420246124,0.1797175239347393,0.2215558133548624,0.32039020233722193,0.1506890251275672,0.0817885602692528,0.10439814814814814
MERC|2024-09-11,MERC,Mercer International Inc.,Rettig Rainer,Dir,2024-09-11,2024-09-11 17:04:31,2024-09-16 16:00:00,2024-09-16,close,3,6.38,6,2.9032258064516148,192.5806451612903,3,2024-09-19,0,0.6625960900668928,0.1921723484992981,0.17076770901694047,0.14542464470564428,0.29274019807219387,0.13758826458075102,0.056776922098309104,0.10439814814814814
ONEW|2024-09-05,ONEW,Onewater Marine Inc.,Singleton Philip Austin Jr.,CEO - See Remarks,2024-09-05,2024-09-09 16:51:20,2024-09-16 16:00:00,2024-09-16,close,5,22.55,4,1.393884892086339,182.32913669064752,3,2024-09-19,1,0.014167152610900886,0.09141669422388077,0.08688910762029294,0.06540261494928147,0.06446889235108902,0.062226778716469984,0.07685755564338399,0.10439814814814814
ONEW|2024-09-06,ONEW,Onewater Marine Inc.,Aisquith Anthony M,COO,2024-09-06,2024-09-10 16:53:00,2024-09-16 16:00:00,2024-09-16,close,4,22.55,5,3.9170506912442393,189.3548387096774,3,2024-09-19,1,0.018278727573659666,0.0916907787322998,0.09417222339174308,0.06371708953660658,0.06696470480857729,0.06278884295045536,0.0768533790724031,0.10439814814814814
PRKA|2024-09-04,PRKA,"Parks America, Inc","Focused Compounding Capital Management, LLC",Investment Mgr of 10% Owner,2024-09-04,2024-09-06 18:39:19,2024-09-16 16:00:00,2024-09-16,close,6,213.65,3,5.0238411247111925,54.84441822740009,3,2024-09-23,0,0.011392083422771631,0.06771394610404968,0.031031919441311985,0.05154452738737686,0.04042061908887754,0.057046988111940374,0.1614620384827558,0.10439814814814814
AIM|2024-09-16,AIM,Aim Immunotech Inc.,Equels Thomas K,"CEO, Pres",2024-09-16,2024-09-17 12:05:17,2024-09-17 16:00:00,2024-09-17,close,0,0.3107,9,0.0,716.7042162858063,3,2024-09-20,0,0.30962693275545894,0.22562843561172485,0.21636755573838587,0.3671842242113234,0.2797017870792233,0.1317499094982656,0.07745695170026524,0.10439814814814814
FRAF|2024-09-04,FRAF,Franklin Financial Services Corp /pa/,Duffey Gregory A,Dir,2024-09-04,2024-09-06 09:49:58,2024-09-17 16:00:00,2024-09-17,close,7,31.8,2,-1.2422360248447228,13.50931677018632,2,2024-09-19,0,0.00037729815538582235,0.06637876480817795,0.02087062223297363,0.011150973454347013,0.024694414662721105,0.053881655214265904,0.03964274344768869,0.10439814814814814
IZEA|2024-09-12,IZEA,"Izea Worldwide, Inc.",Gardner Lindsay A,Dir,2024-09-12,2024-09-13 16:01:25,2024-09-17 16:00:00,2024-09-17,close,2,2.59,7,-0.38461538461539435,758.4615384615385,3,2024-09-20,0,0.24839263108258425,0.22765715420246124,0.11068452398273723,0.16731567237354467,0.18851249541033183,0.09656233942690085,0.0817885602692528,0.10439814814814814
MERC|2024-09-11,MERC,Mercer International Inc.,Rettig Rainer,Dir,2024-09-11,2024-09-11 17:04:31,2024-09-17 16:00:00,2024-09-17,close,4,6.44,5,3.8709677419354938,192.5806451612903,3,2024-09-20,0,0.5405736152608023,0.17475517094135284,0.14372765110922528,0.1336168923962121,0.24816833242689812,0.11849513734341655,0.056776922098309104,0.10439814814814814
MERC|2024-09-16,MERC,Mercer International Inc.,Bueno Estrada Juan Carlos,"CEO, Pres",2024-09-16,2024-09-17 14:21:01,2024-09-17 16:00:00,2024-09-17,close,0,6.44,9,0.0,181.67701863354034,3,2024-09-20,0,0.2549818730275478,0.18677940964698792,0.18431776268601513,0.1758695563515621,0.20048715042802825,0.10065216247797754,0.07717139206896803,0.10439814814814814
ONEW|2024-09-05,ONEW,Onewater Marine Inc.,Singleton Philip Austin Jr.,CEO - See Remarks,2024-09-05,2024-09-09 16:51:20,2024-09-17 16:00:00,2024-09-17,close,6,23.81,3,7.059352517985618,182.32913669064752,3,2024-09-20,0,0.04980774068686817,0.1395980715751648,0.06413062494686068,0.0751330839790712,0.08216738029699121,0.06631600731310826,0.07685755564338399,0.10439814814814814
ONEW|2024-09-06,ONEW,Onewater Marine Inc.,Aisquith Anthony M,COO,2024-09-06,2024-09-10 16:53:00,2024-09-17 16:00:00,2024-09-17,close,5,23.81,4,9.72350230414747,189.3548387096774,3,2024-09-20,0,0.035569422669074584,0.1395980715751648,0.0696516195263392,0.0817186466519765,0.08163444010563878,0.06618930462702935,0.0768533790724031,0.10439814814814814
AIM|2024-09-16,AIM,Aim Immunotech Inc.,Equels Thomas K,"CEO, Pres",2024-09-16,2024-09-17 12:05:17,2024-09-18 16:00:00,2024-09-18,close,1,0.298,8,-4.087544254908271,716.7042162858063,3,2024-09-23,1,0.3861114752099965,0.22562843561172485,0.2644739435138526,0.40283422926236945,0.31976202089948585,0.15038032133188176,0.07745695170026524,0.10439814814814814
EMYB|2024-08-27,EMYB,"Embassy Bancorp, Inc.",Lobach David M Jr,"COB, Pres, CEO",2024-08-27,2024-08-27 16:12:32,2024-09-18 16:00:00,2024-09-18,close,8,15.55,1,3.6666666666666625,42.667333333333325,1,2024-09-20,0,0.0007695151571919743,0.07137497514486313,0.022249485919217445,0.011450862279578613,0.02646120962521279,0.0542288419943348,0.07693904037701302,0.10439814814814814
EMYB|2024-09-06,EMYB,"Embassy Bancorp, Inc.",Lobach David M Jr,"COB, Pres, CEO",2024-09-06,2024-09-06 15:08:58,2024-09-18 16:00:00,2024-09-18,close,4,15.55,5,0.9740259740259827,38.96168831168829,3,2024-09-30,0,0.0017609838227504555,0.06668946892023087,0.03013683534885257,0.020940096883344788,0.029881846243794672,0.05490702089508537,0.07707293053127118,0.10439814814814814
FRAF|2024-09-04,FRAF,Franklin Financial Services Corp /pa/,Duffey Gregory A,Dir,2024-09-04,2024-09-06 09:49:58,2024-09-18 16:00:00,2024-09-18,close,8,32.0,1,-0.6211180124223725,13.50931677018632,1,2024-09-19,0,0.00026161938947069315,0.06578364968299866,0.01968386716166346,0.00853524256611199,0.0235660947000612,0.05366103084798638,0.03964274344768869,0.10439814814814814
IZEA|2024-09-12,IZEA,"Izea Worldwide, Inc.",Gardner Lindsay A,Dir,2024-09-12,2024-09-13 16:01:25,2024-09-18 16:00:00,2024-09-18,close,3,2.52,6,-3.076923076923077,758.4615384615385,3,2024-09-23,0,0.07722858218969708,0.2102832943201065,0.08537911893850918,0.14084109188687105,0.12843302183379596,0.07821099816754336,0.0817885602692528,0.10439814814814814
MERC|2024-09-11,MERC,Mercer International Inc.,Rettig Rainer,Dir,2024-09-11,2024-09-11 17:04:31,2024-09-18 16:00:00,2024-09-18,close,5,6.39,4,3.0645161290322465,192.5806451612903,3,2024-09-23,0,0.3944309500081888,0.17475517094135284,0.11104820389729295,0.11960351859642085,0.19995946086081387,0.10046874006928486,0.056776922098309104,0.10439814814814814
MERC|2024-09-16,MERC,Mercer International Inc.,Bueno Estrada Juan Carlos,"CEO, Pres",2024-09-16,2024-09-17 14:21:01,2024-09-18 16:00:00,2024-09-18,close,1,6.39,8,-0.7763975155279601,181.67701863354034,3,2024-09-23,0,0.23696721167771467,0.18677940964698792,0.14396094324849454,0.15055128499219944,0.17956471239134913,0.09360384673871867,0.07717139206896803,0.10439814814814814
ONEW|2024-09-05,ONEW,Onewater Marine Inc.,Singleton Philip Austin Jr.,CEO - See Remarks,2024-09-05,2024-09-09 16:51:20,2024-09-18 16:00:00,2024-09-18,close,7,23.46,2,5.485611510791388,182.32913669064752,2,2024-09-20,0,0.028313959555976476,0.1395980715751648,0.07454722403612818,0.05549903277761255,0.0744895719862205,0.06451225408917476,0.07685755564338399,0.10439814814814814
ONEW|2024-09-06,ONEW,Onewater Marine Inc.,Aisquith Anthony M,COO,2024-09-06,2024-09-10 16:53:00,2024-09-18 16:00:00,2024-09-18,close,6,23.46,3,8.110599078341018,189.3548387096774,3,2024-09-23,0,0.04913268852208389,0.1395980715751648,0.08088747433779353,0.06733885743938074,0.08423927296860573,0.06681072827752361,0.0768533790724031,0.10439814814814814
FRAF|2024-09-18,FRAF,Franklin Financial Services Corp /pa/,Carmack Karen K,SVP,2024-09-18,2024-09-19 10:09:25,2024-09-19 16:00:00,2024-09-19,close,0,32.22,9,0.0,13.438857852265663,3,2024-09-24,0,0.00037042341390702144,0.059021901339292526,0.03545053877732136,0.024128442730700413,0.02974282656530533,0.054879303639541736,0.07770128182501199,0.10439814814814814
IZEA|2024-09-12,IZEA,"Izea Worldwide, Inc.",Gardner Lindsay A,Dir,2024-09-12,2024-09-13 16:01:25,2024-09-19 16:00:00,2024-09-19,close,4,2.58,5,-0.7692307692307665,758.4615384615385,3,2024-09-24,0,0.25328175824088994,0.2102832943201065,0.08711451836850002,0.1511558957634644,0.17545886667324023,0.09227368576060312,0.0817885602692528,0.10439814814814814
MERC|2024-09-11,MERC,Mercer International Inc.,Rettig Rainer,Dir,2024-09-11,2024-09-11 17:04:31,2024-09-19 16:00:00,2024-09-19,close,6,6.44,3,3.8709677419354938,192.5806451612903,3,2024-09-24,0,0.02977908273784625,0.14903633296489716,0.07142137741378309,0.08571859232063238,0.08398884635928971,0.06675075052852951,0.056776922098309104,0.10439814814814814
MERC|2024-09-16,MERC,Mercer International Inc.,Bueno Estrada Juan Carlos,"CEO, Pres",2024-09-16,2024-09-17 14:21:01,2024-09-19 16:00:00,2024-09-19,close,2,6.44,7,0.0,181.67701863354034,3,2024-09-24,0,0.024486009541261785,0.15776793658733368,0.09382907613302742,0.10084591939686807,0.09423223541462275,0.06924526529530053,0.07717139206896803,0.10439814814814814
ONEW|2024-09-05,ONEW,Onewater Marine Inc.,Singleton Philip Austin Jr.,CEO - See Remarks,2024-09-05,2024-09-09 16:51:20,2024-09-19 16:00:00,2024-09-19,close,8,24.12,1,8.453237410071957,182.32913669064752,1,2024-09-20,0,0.001981786674098384,0.09822764992713928,0.05427667283981996,0.03678414501393808,0.04781756361374892,0.058595532107069005,0.07685755564338399,0.10439814814814814
ONEW|2024-09-06,ONEW,Onewater Marine Inc.,Aisquith Anthony M,COO,2024-09-06,2024-09-10 16:53:00,2024-09-19 16:00:00,2024-09-19,close,7,24.12,2,11.152073732718893,189.3548387096774,2,2024-09-23,0,0.004095442249623128,0.09822764992713928,0.059002825867051134,0.049880708440453655,0.0528016566210668,0.05966108678347714,0.0768533790724031,0.10439814814814814
EMYB|2024-09-06,EMYB,"Embassy Bancorp, Inc.",Lobach David M Jr,"COB, Pres, CEO",2024-09-06,2024-09-06 15:08:58,2024-09-20 16:00:00,2024-09-20,close,5,15.79,4,2.5324675324675194,38.96168831168829,3,2024-10-25,0,0.11267047867285855,0.0684691071510315,0.029445623091354508,0.025387943388781267,0.058993288076006456,0.061010078190855445,0.07707293053127118,0.10439814814814814
FRAF|2024-09-18,FRAF,Franklin Financial Services Corp /pa/,Carmack Karen K,SVP,2024-09-18,2024-09-19 10:09:25,2024-09-20 16:00:00,2024-09-20,close,1,30.2,8,-6.26939788950962,13.438857852265663,3,2024-09-25,0,0.016325167880147182,0.08288608491420746,0.07261833678486133,0.06053121062874971,0.05809020005199142,0.060811557494539266,0.07770128182501199,0.10439814814814814
IZEA|2024-09-12,IZEA,"Izea Worldwide, Inc.",Gardner Lindsay A,Dir,2024-09-12,2024-09-13 16:01:25,2024-09-20 16:00:00,2024-09-20,close,5,2.56,4,-1.538461538461544,758.4615384615385,3,2024-09-25,0,0.14647112109966864,0.1804792732000351,0.0865588827736318,0.12095175781470234,0.13361525872200947,0.07965890456047574,0.0817885602692528,0.10439814814814814
MERC|2024-09-11,MERC,Mercer International Inc.,Rettig Rainer,Dir,2024-09-11,2024-09-11 17:04:31,2024-09-20 16:00:00,2024-09-20,close,7,6.3,2,1.6129032258064502,192.5806451612903,2,2024-09-24,0,0.03509108573654086,0.16481322050094604,0.07619501885086404,0.07466497591349204,0.08769107525046074,0.06764255542777682,0.056776922098309104,0.10439814814814814
MERC|2024-09-16,MERC,Mercer International Inc.,Bueno Estrada Juan Carlos,"CEO, Pres",2024-09-16,2024-09-17 14:21:01,2024-09-20 16:00:00,2024-09-20,close,3,6.3,6,-2.1739130434782705,181.67701863354034,3,2024-09-25,0,0.0324046238871169,0.1587628871202469,0.09993920763733816,0.10678141286463916,0.09947203287733528,0.07055439698796515,0.07717139206896803,0.10439814814814814
ONEW|2024-09-06,ONEW,Onewater Marine Inc.,Aisquith Anthony M,COO,2024-09-06,2024-09-10 16:53:00,2024-09-20 16:00:00,2024-09-20,close,8,23.77,1,9.539170506912441,189.3548387096774,1,2024-09-23,0,0.0013154360717866122,0.0916907787322998,0.056749916215300046,0.03529461713828871,0.04626268703941879,0.05826678177096574,0.0768533790724031,0.10439814814814814
PRKA|2024-09-04,PRKA,"Parks America, Inc","Focused Compounding Capital Management, LLC",Investment Mgr of 10% Owner,2024-09-04,2024-09-06 18:39:19,2024-09-20 16:00:00,2024-09-20,close,8,210.25,1,3.352504547018631,54.84441822740009,1,2024-09-23,0,0.001406982324096242,0.06567985564470291,0.02790660318835333,0.029986682611759553,0.03124503094222801,0.055179507255784625,0.1614620384827558,0.10439814814814814
FRAF|2024-09-18,FRAF,Franklin Financial Services Corp /pa/,Carmack Karen K,SVP,2024-09-18,2024-09-19 10:09:25,2024-09-23 16:00:00,2024-09-23,close,2,30.87,7,-4.189944134078205,13.438857852265663,3,2024-09-26,0,0.011018158464540078,0.07259263843297958,0.0794403375908688,0.05687545133185976,0.05498164645506205,0.06013283187498199,0.07770128182501199,0.10439814814814814
IZEA|2024-09-12,IZEA,"Izea Worldwide, Inc.",Gardner Lindsay A,Dir,2024-09-12,2024-09-13 16:01:25,2024-09-23 16:00:00,2024-09-23,close,6,2.48,3,-4.615384615384621,758.4615384615385,3,2024-09-26,0,0.23111059529776184,0.15220604836940765,0.09814547641225917,0.10910111236173697,0.1476408081102914,0.08370115407958809,0.0817885602692528,0.10439814814814814
MERC|2024-09-11,MERC,Mercer International Inc.,Rettig Rainer,Dir,2024-09-11,2024-09-11 17:04:31,2024-09-23 16:00:00,2024-09-23,close,8,6.37,1,2.741935483870961,192.5806451612903,1,2024-09-24,0,0.011718085849641083,0.15098503232002258,0.07598284807859447,0.051936189371333916,0.07265553890489801,0.06408819195352301,0.056776922098309104,0.10439814814814814
MERC|2024-09-16,MERC,Mercer International Inc.,Bueno Estrada Juan Carlos,"CEO, Pres",2024-09-16,2024-09-17 14:21:01,2024-09-23 16:00:00,2024-09-23,close,4,6.37,5,-1.0869565217391353,181.67701863354034,3,2024-09-26,0,0.07537932135760982,0.1453539878129959,0.0996680527065542,0.09520364449582953,0.10390125159324737,0.07167880964015702,0.07717139206896803,0.10439814814814814
FRAF|2024-09-18,FRAF,Franklin Financial Services Corp /pa/,Carmack Karen K,SVP,2024-09-18,2024-09-19 10:09:25,2024-09-24 16:00:00,2024-09-24,close,3,30.75,6,-4.562383612662934,13.438857852265663,3,2024-09-27,0,0.006942473744784951,0.07259263843297958,0.07224726887392871,0.05438666606318135,0.051542261778718644,0.059390138221802044,0.07770128182501199,0.10439814814814814
IZEA|2024-09-12,IZEA,"Izea Worldwide, Inc.",Gardner Lindsay A,Dir,2024-09-12,2024-09-13 16:01:25,2024-09-24 16:00:00,2024-09-24,close,7,2.5,2,-3.8461538461538547,758.4615384615385,2,2024-09-26,0,0.04628867517483234,0.13987413048744202,0.07929736896592655,0.08469678175250328,0.08753923909517605,0.06760576431853944,0.0817885602692528,0.10439814814814814
MERC|2024-09-16,MERC,Mercer International Inc.,Bueno Estrada Juan Carlos,"CEO, Pres",2024-09-16,2024-09-17 14:21:01,2024-09-24 16:00:00,2024-09-24,close,5,6.41,4,-0.46583850931677384,181.67701863354034,3,2024-09-27,0,0.025808521684767417,0.13621298968791962,0.08881075326880994,0.07169386912074951,0.08063153344056162,0.06595148050087414,0.07717139206896803,0.10439814814814814
FRAF|2024-09-18,FRAF,Franklin Financial Services Corp /pa/,Carmack Karen K,SVP,2024-09-18,2024-09-19 10:09:25,2024-09-25 16:00:00,2024-09-25,close,4,30.6,5,-5.027932960893844,13.438857852265663,3,2024-09-30,0,0.01599569138003975,0.06067200005054474,0.04303430637948733,0.041938830528549166,0.040410207084655245,0.05704483570586337,0.07770128182501199,0.10439814814814814
IZEA|2024-09-12,IZEA,"Izea Worldwide, Inc.",Gardner Lindsay A,Dir,2024-09-12,2024-09-13 16:01:25,2024-09-25 16:00:00,2024-09-25,close,8,2.52,1,-3.076923076923077,758.4615384615385,1,2024-09-26,0,0.01451121583827037,0.13610467314720154,0.07691789430330462,0.06175196578041176,0.07232143726729708,0.06401122163470406,0.0817885602692528,0.10439814814814814
MERC|2024-09-16,MERC,Mercer International Inc.,Bueno Estrada Juan Carlos,"CEO, Pres",2024-09-16,2024-09-17 14:21:01,2024-09-25 16:00:00,2024-09-25,close,6,6.23,3,-3.2608695652173947,181.67701863354034,3,2024-09-30,1,0.12467967761330548,0.13735155761241913,0.08860690072335291,0.0821245327794987,0.10819066718214405,0.07278347142926794,0.07717139206896803,0.10439814814814814
FRAF|2024-09-18,FRAF,Franklin Financial Services Corp /pa/,Carmack Karen K,SVP,2024-09-18,2024-09-19 10:09:25,2024-09-26 16:00:00,2024-09-26,close,5,30.48,4,-5.400372439478584,13.438857852265663,3,2024-10-01,0,0.01268980459203424,0.0673251748085022,0.032760078753374125,0.03464243532131141,0.036854373368805496,0.05631420821375644,0.07770128182501199,0.10439814814814814
MERC|2024-09-16,MERC,Mercer International Inc.,Bueno Estrada Juan Carlos,"CEO, Pres",2024-09-16,2024-09-17 14:21:01,2024-09-26 16:00:00,2024-09-26,close,7,6.35,2,-1.3975155279503215,181.67701863354034,2,2024-09-30,0,0.009373435337048926,0.1268795281648636,0.07842567467725303,0.05619221808872437,0.06771771406697248,0.062959350875106,0.07717139206896803,0.10439814814814814
FRAF|2024-09-18,FRAF,Franklin Financial Services Corp /pa/,Carmack Karen K,SVP,2024-09-18,2024-09-19 10:09:25,2024-09-27 16:00:00,2024-09-27,close,6,30.4,3,-5.648665425201738,13.438857852265663,3,2024-10-02,0,0.010958856633964812,0.06067200005054474,0.031088306360809878,0.03280008863150714,0.033879812919206644,0.05570978498239933,0.07770128182501199,0.10439814814814814
MERC|2024-09-16,MERC,Mercer International Inc.,Bueno Estrada Juan Carlos,"CEO, Pres",2024-09-16,2024-09-17 14:21:01,2024-09-27 16:00:00,2024-09-27,close,8,6.63,1,2.9503105590062084,181.67701863354034,1,2024-09-30,0,0.021191842839445488,0.13031435012817383,0.06801324508825565,0.042868023931154194,0.06559686549675729,0.062480217432287724,0.07717139206896803,0.10439814814814814
FRAF|2024-09-18,FRAF,Franklin Financial Services Corp /pa/,Carmack Karen K,SVP,2024-09-18,2024-09-19 10:09:25,2024-09-30 16:00:00,2024-09-30,close,7,30.13,2,-6.486654252017376,13.438857852265663,2,2024-10-02,0,0.0018213079718892478,0.05761457234621048,0.031070927577308033,0.021503673820970782,0.028002620429094637,0.054533460752010376,0.07770128182501199,0.10439814814814814
FRAF|2024-09-18,FRAF,Franklin Financial Services Corp /pa/,Carmack Karen K,SVP,2024-09-18,2024-09-19 10:09:25,2024-10-01 16:00:00,2024-10-01,close,8,30.11,1,-6.54872749844817,13.438857852265663,1,2024-10-02,0,0.0003877554984407641,0.05803406611084938,0.028854133407210995,0.013056511362901927,0.025083116594850765,0.053957857381754994,0.07770128182501199,0.10439814814814814
AIG|2024-09-30,AIG,"American International Group, Inc.",Inglis John C,Dir,2024-09-30,2024-10-02 16:12:01,2024-10-03 09:30:00,2024-10-03,open,0,72.32,9,0.0,11.767146017699126,3,2024-10-07,0,0.0004760133587073935,0.059377968311309814,0.04561095837782982,0.02980390043717562,0.033817210121255666,0.05569713007143952,0.1783102882704224,0.10439814814814814
AIG|2024-09-30,AIG,"American International Group, Inc.",Inglis John C,Dir,2024-09-30,2024-10-02 16:12:01,2024-10-03 16:00:00,2024-10-03,close,1,72.34,8,0.027654867256643456,11.767146017699126,3,2024-10-08,0,0.0004973162604877154,0.059377968311309814,0.03877215467369777,0.022234312508761244,0.030220437938564135,0.054974583293399534,0.08176424861316091,0.10439814814814814
AIG|2024-09-30,AIG,"American International Group, Inc.",Inglis John C,Dir,2024-09-30,2024-10-02 16:12:01,2024-10-04 16:00:00,2024-10-04,close,2,76.05,7,5.157632743362828,11.767146017699126,3,2024-10-09,0,0.005483626713534894,0.07186995446681976,0.05042675825103613,0.03131339418107437,0.03977343340311629,0.05691334454625999,0.08176424861316091,0.10439814814814814
AIG|2024-09-30,AIG,"American International Group, Inc.",Inglis John C,Dir,2024-09-30,2024-10-02 16:12:01,2024-10-07 16:00:00,2024-10-07,close,3,73.64,6,1.8252212389380684,11.767146017699126,3,2024-10-10,0,0.003692383243669304,0.07084574550390244,0.05457039664556485,0.03349917717492359,0.040651925642015044,0.05709482429474699,0.08176424861316091,0.10439814814814814
AIG|2024-09-30,AIG,"American International Group, Inc.",Inglis John C,Dir,2024-09-30,2024-10-02 16:12:01,2024-10-08 16:00:00,2024-10-08,close,4,74.63,5,3.1941371681415864,11.767146017699126,3,2024-10-11,0,0.007711353646705256,0.07264507561922073,0.048435669214017714,0.033059760493722445,0.040462964743416534,0.05705574274056219,0.08176424861316091,0.10439814814814814
AIG|2024-09-30,AIG,"American International Group, Inc.",Inglis John C,Dir,2024-09-30,2024-10-02 16:12:01,2024-10-09 16:00:00,2024-10-09,close,5,75.6,4,4.535398230088505,11.767146017699126,3,2024-10-14,0,0.0034596058572094516,0.07231388986110687,0.03652902961985993,0.02760151663729853,0.0349760104938687,0.05593181596664742,0.08176424861316091,0.10439814814814814
AIG|2024-09-30,AIG,"American International Group, Inc.",Inglis John C,Dir,2024-09-30,2024-10-02 16:12:01,2024-10-10 16:00:00,2024-10-10,close,6,76.53,3,5.8213495575221375,11.767146017699126,3,2024-10-15,0,0.0033684194877263655,0.06338025629520416,0.022303812253398964,0.01896126049247905,0.027003437132202136,0.054335815489751686,0.08176424861316091,0.10439814814814814
AIG|2024-09-30,AIG,"American International Group, Inc.",Inglis John C,Dir,2024-09-30,2024-10-02 16:12:01,2024-10-11 16:00:00,2024-10-11,close,7,77.23,2,6.789269911504436,11.767146017699126,2,2024-10-15,0,0.0027792940259338053,0.06652702391147614,0.020397358107175443,0.015627193602718966,0.026332717411826086,0.05420352148660853,0.08176424861316091,0.10439814814814814
AIG|2024-09-30,AIG,"American International Group, Inc.",Inglis John C,Dir,2024-09-30,2024-10-02 16:12:01,2024-10-14 16:00:00,2024-10-14,close,8,77.62,1,7.328539823008873,11.767146017699126,1,2024-10-15,0,0.0025876037876980712,0.0680093914270401,0.0201524575372719,0.011616759353513677,0.02559155302638094,0.054057686025762795,0.08176424861316091,0.10439814814814814
DYNR|2024-10-18,DYNR,Dynaresource Inc,Rose Matthew K,"Dir, 10%",2024-10-18,2024-10-22 20:16:25,2024-10-23 09:30:00,2024-10-23,open,0,0.9299,9,0.0,223.690719432197,3,2024-10-25,0,0.6601972566088232,0.2324734479188919,0.7885422883876722,0.4967036616782778,0.5444791636484162,0.29566553009387214,0.2405810339978167,0.10439814814814814
DYNR|2024-10-18,DYNR,Dynaresource Inc,Rose Matthew K,"Dir, 10%",2024-10-18,2024-10-22 20:16:25,2024-10-23 16:00:00,2024-10-23,close,1,0.9,8,-3.2153995053231466,223.690719432197,3,2024-10-28,0,0.6743257447611013,0.2324734479188919,0.7747493395294824,0.4434856207540023,0.5312585382408694,0.28519596799617786,0.11503892527415593,0.10439814814814814
DYNR|2024-10-18,DYNR,Dynaresource Inc,Rose Matthew K,"Dir, 10%",2024-10-18,2024-10-22 20:16:25,2024-10-24 16:00:00,2024-10-24,close,2,0.9461,7,1.7421228089042007,223.690719432197,3,2024-10-29,0,0.558236667361668,0.2324734479188919,0.5048307864520588,0.32543730658294046,0.40524455207888976,0.19732329564276374,0.11503892527415593,0.10439814814814814
DYNR|2024-10-18,DYNR,Dynaresource Inc,Rose Matthew K,"Dir, 10%",2024-10-18,2024-10-22 20:16:25,2024-10-25 16:00:00,2024-10-25,close,3,0.8975,6,-3.484245617808368,223.690719432197,3,2024-10-30,1,0.5861096794346801,0.2236059308052063,0.5302431200937351,0.34147799473334856,0.4203591812667425,0.20668533432151834,0.11503892527415593,0.10439814814814814
CSBB|2024-10-25,CSBB,"Csb Bancorp, Inc.",Steiner Eddie L,"Pres, CEO",2024-10-25,2024-10-28 09:47:46,2024-10-28 16:00:00,2024-10-28,close,0,39.0,9,0.0,11.410256410256414,3,2024-11-05,0,0.0073434585314329,0.0872412919998169,0.08051121679153732,0.06439372857487798,0.059872423974416264,0.06120391556368678,0.07774769984723719,0.10439814814814814
DYNR|2024-10-18,DYNR,Dynaresource Inc,Rose Matthew K,"Dir, 10%",2024-10-18,2024-10-22 20:16:25,2024-10-28 16:00:00,2024-10-28,close,4,0.8,5,-13.969244004731685,223.690719432197,3,2024-10-31,1,0.8514288512725968,0.2852158546447754,0.7466386760291606,0.5663417709051434,0.612406288212919,0.3527488876884778,0.11503892527415593,0.10439814814814814
FBIZ|2024-10-30,FBIZ,"First Business Financial Services, Inc.",Sanders Carol P,Dir,2024-10-30,2024-10-31 17:14:10,2024-11-01 09:30:00,2024-11-01,open,0,42.92,9,0.0,10.041938490214331,3,2024-11-05,0,0.0073280017665056174,0.07704373449087143,0.07099503744092978,0.05852921402049198,0.0534739969296997,0.05980620892548495,0.17804306987953702,0.10439814814814814
FBIZ|2024-10-30,FBIZ,"First Business Financial Services, Inc.",Sanders Carol P,Dir,2024-10-30,2024-10-31 17:14:10,2024-11-01 16:00:00,2024-11-01,close,1,43.18,8,0.6057781919850846,10.041938490214331,3,2024-11-06,1,0.011298339048776244,0.07787080854177475,0.05967648263428862,0.04282352058810732,0.047917287703236736,0.05861667620225551,0.08162734236276123,0.10439814814814814
LOB|2024-10-29,LOB,"Live Oak Bancshares, Inc.",Cameron William Henderson,Dir,2024-10-29,2024-10-31 16:22:51,2024-11-01 09:30:00,2024-11-01,open,0,40.23,9,0.0,148.29729057916978,3,2024-11-05,0,0.09469288065920153,0.1586441993713379,0.13469787052749313,0.1599035221908273,0.13698461818721497,0.08061339027481204,0.17826716729957526,0.10439814814814814
LOB|2024-10-29,LOB,"Live Oak Bancshares, Inc.",Cameron William Henderson,Dir,2024-10-29,2024-10-31 16:22:51,2024-11-01 16:00:00,2024-11-01,close,1,41.06,8,2.063136962465828,148.29729057916978,3,2024-11-06,1,0.11956310334438629,0.1269000768661499,0.1109033772582362,0.11841217817201619,0.11894468391019714,0.07562225931320093,0.08174215282045802,0.10439814814814814
PFE|2024-10-30,PFE,Pfizer Inc,Gottlieb Scott,Dir,2024-10-30,2024-10-31 16:06:54,2024-11-01 09:30:00,2024-11-01,open,0,28.48,9,0.0,116.67837078651684,3,2024-11-05,0,0.005928266933383089,0.07226762920618057,0.05256321485598392,0.056674882264417636,0.04685849831499131,0.05839255022925148,0.17833616477287823,0.10439814814814814
PFE|2024-10-30,PFE,Pfizer Inc,Gottlieb Scott,Dir,2024-10-30,2024-10-31 16:06:54,2024-11-01 16:00:00,2024-11-01,close,1,28.09,8,-1.36938202247191,116.67837078651684,3,2024-11-06,0,0.0034448869211013713,0.07509607076644897,0.04643392069278912,0.044980219820228914,0.04248877455014209,0.057476040308400776,0.08177750870028026,0.10439814814814814
SCND|2024-10-31,SCND,Scientific Industries Inc,Moore John A,COB,2024-10-31,2024-10-31 17:00:33,2024-11-01 09:30:00,2024-11-01,open,0,1.03,9,0.0,579.6116504854368,3,2024-11-05,0,0.9905852806165463,0.3270163834095001,0.7964957515211327,0.7524725777559604,0.7166424983257849,0.4485838734234577,0.1686369767044298,0.10439814814814814
SCND|2024-10-31,SCND,Scientific Industries Inc,Moore John A,COB,2024-10-31,2024-10-31 17:00:33,2024-11-01 16:00:00,2024-11-01,close,1,1.04,8,0.9708737864077666,579.6116504854368,3,2024-11-07,0,0.9884771370671279,0.3270163834095001,0.7638480393846427,0.6754628870389808,0.6887011117250629,0.4221938379846652,0.07683876271245098,0.10439814814814814
FBIZ|2024-10-30,FBIZ,"First Business Financial Services, Inc.",Sanders Carol P,Dir,2024-10-30,2024-10-31 17:14:10,2024-11-04 16:00:00,2024-11-04,close,2,42.87,7,-0.11649580615098465,10.041938490214331,3,2024-11-07,1,0.007092394850230862,0.0653645470738411,0.05897151735068663,0.03535363905223829,0.041695524581749216,0.05731111842519663,0.08162734236276123,0.10439814814814814
LOB|2024-10-29,LOB,"Live Oak Bancshares, Inc.",Cameron William Henderson,Dir,2024-10-29,2024-10-31 16:22:51,2024-11-04 16:00:00,2024-11-04,close,2,40.83,7,1.4914243102162494,148.29729057916978,3,2024-11-07,1,0.020177808081154047,0.11791892349720001,0.10132158103620476,0.05450395629337342,0.07348056722698305,0.06427863139374464,0.08174215282045802,0.10439814814814814
PFE|2024-10-30,PFE,Pfizer Inc,Gottlieb Scott,Dir,2024-10-30,2024-10-31 16:06:54,2024-11-04 16:00:00,2024-11-04,close,2,27.76,7,-2.52808988764045,116.67837078651684,3,2024-11-07,0,0.0037256758517654276,0.07448729127645493,0.04110037392600506,0.040313411074730236,0.039906688032238916,0.05694083749722972,0.08177750870028026,0.10439814814814814
SCND|2024-10-31,SCND,Scientific Industries Inc,Moore John A,COB,2024-10-31,2024-10-31 17:00:33,2024-11-04 16:00:00,2024-11-04,close,2,1.0,7,-2.9126213592232997,579.6116504854368,3,2024-11-11,0,0.9864159626179546,0.3270163834095001,0.7222767770802622,0.7189511289796799,0.6886650630218493,0.42216004287786063,0.07683876271245098,0.10439814814814814
CSBB|2024-10-25,CSBB,"Csb Bancorp, Inc.",Steiner Eddie L,"Pres, CEO",2024-10-25,2024-10-28 09:47:46,2024-11-05 16:00:00,2024-11-05,close,3,38.5,6,-1.2820512820512775,11.410256410256414,3,2024-11-12,0,0.002673392514591794,0.06822261214256287,0.048128204922808386,0.029201707621689187,0.03705647930041306,0.05635549859800758,0.07774769984723719,0.10439814814814814
FBIZ|2024-10-30,FBIZ,"First Business Financial Services, Inc.",Sanders Carol P,Dir,2024-10-30,2024-10-31 17:14:10,2024-11-05 16:00:00,2024-11-05,close,3,44.42,6,3.494874184529362,10.041938490214331,3,2024-11-08,1,0.011537299492753188,0.07294092327356339,0.053418874997228076,0.029829079567003397,0.04193154433263701,0.057360141980567235,0.08162734236276123,0.10439814814814814
LOB|2024-10-29,LOB,"Live Oak Bancshares, Inc.",Cameron William Henderson,Dir,2024-10-29,2024-10-31 16:22:51,2024-11-05 16:00:00,2024-11-05,close,3,42.26,6,5.045985582898327,148.29729057916978,3,2024-11-08,1,0.00827157989809297,0.09277895092964172,0.08675108451687226,0.05411054414529342,0.06047803987247509,0.06133778027324035,0.08174215282045802,0.10439814814814814
PFE|2024-10-30,PFE,Pfizer Inc,Gottlieb Scott,Dir,2024-10-30,2024-10-31 16:06:54,2024-11-05 16:00:00,2024-11-05,close,3,27.99,6,-1.7205056179775302,116.67837078651684,3,2024-11-08,0,0.0038331270752979298,0.07399256527423859,0.04161530318759988,0.037722914034743135,0.039290977392969884,0.05681390904531257,0.08177750870028026,0.10439814814814814
SCND|2024-10-31,SCND,Scientific Industries Inc,Moore John A,COB,2024-10-31,2024-10-31 17:00:33,2024-11-05 16:00:00,2024-11-05,close,3,1.06,6,2.9126213592232997,579.6116504854368,3,2024-11-12,0,0.8835957455623364,0.29795223474502563,0.4619225379058295,0.4082544871820607,0.5129312513488131,0.27105740628053765,0.07683876271245098,0.10439814814814814
CSBB|2024-10-25,CSBB,"Csb Bancorp, Inc.",Steiner Eddie L,"Pres, CEO",2024-10-25,2024-10-28 09:47:46,2024-11-06 16:00:00,2024-11-06,close,4,38.55,5,-1.1538461538461608,11.410256410256414,3,2024-11-13,0,0.001577765611759793,0.07131144404411316,0.039282380406828445,0.025568319148008098,0.034434977302677375,0.055822127736369485,0.07774769984723719,0.10439814814814814
PFE|2024-10-30,PFE,Pfizer Inc,Gottlieb Scott,Dir,2024-10-30,2024-10-31 16:06:54,2024-11-06 16:00:00,2024-11-06,close,4,27.36,5,-3.93258426966292,116.67837078651684,3,2024-11-11,0,0.003917139866619776,0.07399256527423859,0.04594075793821522,0.048798589690195904,0.04316226319231737,0.05761641272642009,0.08177750870028026,0.10439814814814814
CSBB|2024-10-25,CSBB,"Csb Bancorp, Inc.",Steiner Eddie L,"Pres, CEO",2024-10-25,2024-10-28 09:47:46,2024-11-07 16:00:00,2024-11-07,close,5,39.0175,4,0.04487179487178139,11.410256410256414,3,2024-11-14,0,0.00905733586454998,0.07292410731315613,0.035098235682866005,0.025886291287485746,0.03574149253701447,0.0560873550324998,0.07774769984723719,0.10439814814814814
PFE|2024-10-30,PFE,Pfizer Inc,Gottlieb Scott,Dir,2024-10-30,2024-10-31 16:06:54,2024-11-07 16:00:00,2024-11-07,close,5,27.46,4,-3.5814606741572996,116.67837078651684,3,2024-11-12,0,0.005074691906177066,0.08197897672653198,0.043173565325040096,0.04879665599301781,0.04475597248769174,0.05794986583741095,0.08177750870028026,0.10439814814814814
SCND|2024-10-31,SCND,Scientific Industries Inc,Moore John A,COB,2024-10-31,2024-10-31 17:00:33,2024-11-07 16:00:00,2024-11-07,close,4,1.0,5,-2.9126213592232997,579.6116504854368,3,2024-11-13,0,0.7956157487706141,0.31775110960006714,0.5858242808558847,0.5480687534197183,0.561814973161571,0.30972563326956953,0.07683876271245098,0.10439814814814814
PFE|2024-10-30,PFE,Pfizer Inc,Gottlieb Scott,Dir,2024-10-30,2024-10-31 16:06:54,2024-11-08 16:00:00,2024-11-08,close,6,26.72,3,-6.17977528089888,116.67837078651684,3,2024-11-13,0,0.009667060791903305,0.09608197957277298,0.04357333664336404,0.06141458470255598,0.052684240427649076,0.05963577678767099,0.08177750870028026,0.10439814814814814
LKFN|2024-11-08,LKFN,Lakeland Financial Corp,Bartels Robert E Jr,Dir,2024-11-08,2024-11-08 16:57:27,2024-11-11 09:30:00,2024-11-11,open,0,73.56,9,0.0,16.51712887438823,3,2024-11-13,0,0.03921974352190788,0.12680603563785553,0.09264276913459556,0.07874890237116006,0.08435436266637976,0.06683830930256987,0.17811630820719312,0.10439814814814814
LKFN|2024-11-08,LKFN,Lakeland Financial Corp,Bartels Robert E Jr,Dir,2024-11-08,2024-11-08 16:57:27,2024-11-11 16:00:00,2024-11-11,close,1,75.51,8,2.650897226753668,16.51712887438823,3,2024-11-14,0,0.01689828289125386,0.12834934890270233,0.07353755669152082,0.06303025256390304,0.07045386026234501,0.06358255334451565,0.08166486037679767,0.10439814814814814
PFE|2024-10-30,PFE,Pfizer Inc,Gottlieb Scott,Dir,2024-10-30,2024-10-31 16:06:54,2024-11-11 16:00:00,2024-11-11,close,7,26.24,2,-7.86516853932585,116.67837078651684,2,2024-11-13,0,0.028102352934939952,0.09800979495048523,0.03806143579942606,0.05210473614326195,0.054069579957028296,0.05993503932790366,0.08177750870028026,0.10439814814814814
LKFN|2024-11-08,LKFN,Lakeland Financial Corp,Bartels Robert E Jr,Dir,2024-11-08,2024-11-08 16:57:27,2024-11-12 16:00:00,2024-11-12,close,2,75.64,7,2.8276237085372413,16.51712887438823,3,2024-11-15,0,0.033649963952487,0.12220289558172226,0.051687726449580224,0.05251494755747973,0.0650138833853173,0.06234910999762459,0.08166486037679767,0.10439814814814814
PFE|2024-10-30,PFE,Pfizer Inc,Gottlieb Scott,Dir,2024-10-30,2024-10-31 16:06:54,2024-11-12 16:00:00,2024-11-12,close,8,26.19,1,-8.04073033707865,116.67837078651684,1,2024-11-13,0,0.0036507048669339884,0.09800979495048523,0.0337877356954184,0.03908744717744939,0.043633920672571755,0.05771490988910659,0.08177750870028026,0.10439814814814814
RHP|2024-11-08,RHP,"Ryman Hospitality Properties, Inc.",Reed Colin V,Exec. COB,2024-11-08,2024-11-12 10:26:42,2024-11-12 16:00:00,2024-11-12,close,0,113.76,9,0.0,8.043248945147674,3,2024-11-15,0,0.006914120750870735,0.07707133144140244,0.04023049071945018,0.03500741781209664,0.039805840180954996,0.056920029529523956,0.07766543073683416,0.10439814814814814
SCND|2024-10-31,SCND,Scientific Industries Inc,Moore John A,COB,2024-10-31,2024-10-31 17:00:33,2024-11-12 16:00:00,2024-11-12,close,6,0.725,3,-29.611650485436904,579.6116504854368,3,2024-11-15,0,0.9956357121819799,0.3306460976600647,0.8733618098806336,0.9567314221484226,0.7890937604677751,0.5180019551292891,0.07683876271245098,0.10439814814814814
LKFN|2024-11-08,LKFN,Lakeland Financial Corp,Bartels Robert E Jr,Dir,2024-11-08,2024-11-08 16:57:27,2024-11-13 16:00:00,2024-11-13,close,3,74.25,6,0.9380097879282179,16.51712887438823,3,2024-11-18,0,0.048081287611788,0.10551878809928894,0.059165443901701,0.047407444233686445,0.0650432409616161,0.06235570610733531,0.08166486037679767,0.10439814814814814
RHP|2024-11-08,RHP,"Ryman Hospitality Properties, Inc.",Reed Colin V,Exec. COB,2024-11-08,2024-11-12 10:26:42,2024-11-13 16:00:00,2024-11-13,close,1,113.32,8,-0.3867791842475543,8.043248945147674,3,2024-11-18,0,0.007613566496419801,0.07589393854141235,0.03809528460208351,0.030902918629402698,0.03812642706732959,0.056574564324765056,0.07766543073683416,0.10439814814814814
SCND|2024-10-31,SCND,Scientific Industries Inc,Moore John A,COB,2024-10-31,2024-10-31 17:00:33,2024-11-13 16:00:00,2024-11-13,close,7,0.68,2,-33.98058252427184,579.6116504854368,2,2024-11-15,1,0.994305692834003,0.3306460976600647,0.8628293909947508,0.9603700832543648,0.7870378161857958,0.5160289767223378,0.07683876271245098,0.10439814814814814
CSBB|2024-10-25,CSBB,"Csb Bancorp, Inc.",Steiner Eddie L,"Pres, CEO",2024-10-25,2024-10-28 09:47:46,2024-11-14 16:00:00,2024-11-14,close,8,39.0,1,0.0,11.410256410256414,1,2024-11-15,0,0.0008647562864656477,0.07103750109672546,0.02810553980099471,0.013620079146201784,0.028406969082596902,0.05461363606585028,0.07774769984723719,0.10439814814814814
CSBB|2024-11-08,CSBB,"Csb Bancorp, Inc.",Kirkbride Cheryl M,Dir,2024-11-08,2024-11-12 16:37:21,2024-11-14 16:00:00,2024-11-14,close,2,39.0,7,0.6451612903225712,12.12903225806452,3,2024-11-20,0,0.010182024574322417,0.0672401562333107,0.04494407150512403,0.029711898960671484,0.03801953781835716,0.0565526434178142,0.056819496485606504,0.10439814814814814
LKFN|2024-11-08,LKFN,Lakeland Financial Corp,Bartels Robert E Jr,Dir,2024-11-08,2024-11-08 16:57:27,2024-11-14 16:00:00,2024-11-14,close,4,73.85,5,0.3942359978248877,16.51712887438823,3,2024-11-19,0,0.02947323670373074,0.10467510670423508,0.04211320894294998,0.03932971275381351,0.05389781627618233,0.05989785853522508,0.08166486037679767,0.10439814814814814
RHP|2024-11-08,RHP,"Ryman Hospitality Properties, Inc.",Reed Colin V,Exec. COB,2024-11-08,2024-11-12 10:26:42,2024-11-14 16:00:00,2024-11-14,close,2,112.2,7,-1.371308016877637,8.043248945147674,3,2024-11-19,0,0.0031196258756276928,0.07543332129716873,0.03250893131062761,0.02509475078515459,0.03403915731714466,0.05574200803877132,0.07766543073683416,0.10439814814814814
CSBB|2024-11-08,CSBB,"Csb Bancorp, Inc.",Kirkbride Cheryl M,Dir,2024-11-08,2024-11-12 16:37:21,2024-11-15 16:00:00,2024-11-15,close,3,39.0,6,0.6451612903225712,12.12903225806452,3,2024-11-21,0,0.00253731725100644,0.06753209978342056,0.0388873236825287,0.024883488319822296,0.0334600572591945,0.05562498474071649,0.056819496485606504,0.10439814814814814
CSBB|2024-11-14,CSBB,"Csb Bancorp, Inc.",Baker Robert K,Dir,2024-11-14,2024-11-14 16:03:59,2024-11-15 09:30:00,2024-11-15,open,0,39.0,9,0.0,11.410256410256414,3,2024-11-20,0,0.0009703216729618199,0.06828232109546661,0.05288345228406412,0.041383923680729844,0.0408800046833056,0.05714202989698283,0.17834910412663005,0.10439814814814814
CSBB|2024-11-14,CSBB,"Csb Bancorp, Inc.",Baker Robert K,Dir,2024-11-14,2024-11-14 16:03:59,2024-11-15 16:00:00,2024-11-15,close,1,39.0,8,0.0,11.410256410256414,3,2024-11-21,0,0.0009508563181695989,0.06828232109546661,0.04503797742204693,0.031007968159087584,0.03631978074869268,0.05620512766596345,0.08178413947841363,0.10439814814814814
LKFN|2024-11-08,LKFN,Lakeland Financial Corp,Bartels Robert E Jr,Dir,2024-11-08,2024-11-08 16:57:27,2024-11-15 16:00:00,2024-11-15,close,5,73.22,4,-0.4622077215878262,16.51712887438823,3,2024-11-20,0,0.03844468491493987,0.10467510670423508,0.04167364843267462,0.03825883275038338,0.055763068200558236,0.06030277834784676,0.08166486037679767,0.10439814814814814
RHP|2024-11-08,RHP,"Ryman Hospitality Properties, Inc.",Reed Colin V,Exec. COB,2024-11-08,2024-11-12 10:26:42,2024-11-15 16:00:00,2024-11-15,close,3,111.41,6,-2.06575246132209,8.043248945147674,3,2024-11-20,0,0.003035974070722984,0.07603542506694794,0.030808252412179216,0.024262547884118822,0.03353554985849224,0.05564022700763975,0.07766543073683416,0.10439814814814814
DMLP|2024-11-14,DMLP,"Dorchester Minerals, L.P.",Moriyama Leslie A,CFO,2024-11-14,2024-11-15 16:59:52,2024-11-18 09:30:00,2024-11-18,open,0,33.49,9,0.0,6.718423409973129,3,2024-11-20,0,0.003320198477861093,0.06427641957998276,0.0500979744110103,0.03899346615289349,0.03917201465543691,0.05678941560358287,0.16864110331179646,0.10439814814814814
DMLP|2024-11-14,DMLP,"Dorchester Minerals, L.P.",Moriyama Leslie A,CFO,2024-11-14,2024-11-15 16:59:52,2024-11-18 16:00:00,2024-11-18,close,1,33.29,8,-0.5971931919976248,6.718423409973129,3,2024-11-21,0,0.0034359624372475354,0.06427641957998276,0.043349155128848633,0.029441177050102824,0.035125678549045435,0.055962195222106596,0.0768408506078352,0.10439814814814814
LKFN|2024-11-08,LKFN,Lakeland Financial Corp,Bartels Robert E Jr,Dir,2024-11-08,2024-11-08 16:57:27,2024-11-18 16:00:00,2024-11-18,close,6,73.17,3,-0.5301794453507314,16.51712887438823,3,2024-11-21,0,0.005094422105701386,0.07334955036640167,0.03815953415369388,0.023069469824770556,0.034918244112641876,0.05592009483807948,0.08166486037679767,0.10439814814814814
RHP|2024-11-08,RHP,"Ryman Hospitality Properties, Inc.",Reed Colin V,Exec. COB,2024-11-08,2024-11-12 10:26:42,2024-11-18 16:00:00,2024-11-18,close,4,111.19,5,-2.2591420534458617,8.043248945147674,3,2024-11-21,0,0.0017663738882795288,0.07229027152061462,0.028210727316887535,0.020075847438471316,0.03058580504106325,0.055047576268674354,0.07766543073683416,0.10439814814814814
CSBB|2024-11-08,CSBB,"Csb Bancorp, Inc.",Kirkbride Cheryl M,Dir,2024-11-08,2024-11-12 16:37:21,2024-11-19 16:00:00,2024-11-19,close,4,38.75,5,0.0,12.12903225806452,3,2024-11-22,0,0.0026357490921988117,0.0672716572880745,0.03488267032432486,0.02495435041442674,0.032436106779756224,0.05541863267514414,0.056819496485606504,0.10439814814814814
CSBB|2024-11-14,CSBB,"Csb Bancorp, Inc.",Baker Robert K,Dir,2024-11-14,2024-11-14 16:03:59,2024-11-19 16:00:00,2024-11-19,close,2,38.75,7,-0.6410256410256387,11.410256410256414,3,2024-11-22,0,0.0012103429405125325,0.06772470474243164,0.04042656616459406,0.027479586702916503,0.03421030013761368,0.05577663653749206,0.08178413947841363,0.10439814814814814
DMLP|2024-11-14,DMLP,"Dorchester Minerals, L.P.",Moriyama Leslie A,CFO,2024-11-14,2024-11-15 16:59:52,2024-11-19 16:00:00,2024-11-19,close,2,33.3,7,-0.5673335323977402,6.718423409973129,3,2024-11-22,0,0.003820759469402955,0.0637492910027504,0.0404480070630645,0.02579191712399848,0.03345249366480408,0.05562345783642978,0.0768408506078352,0.10439814814814814
LKFN|2024-11-08,LKFN,Lakeland Financial Corp,Bartels Robert E Jr,Dir,2024-11-08,2024-11-08 16:57:27,2024-11-19 16:00:00,2024-11-19,close,7,72.67,2,-1.209896682979883,16.51712887438823,2,2024-11-21,0,0.0005121715642486391,0.06038013845682144,0.035328530108461494,0.014368982628602303,0.02764745568953347,0.05446312926219364,0.08166486037679767,0.10439814814814814
OESX|2024-11-18,OESX,"Orion Energy Systems, Inc.",Otten Anthony L.,Dir,2024-11-18,2024-11-18 16:52:31,2024-11-19 09:30:00,2024-11-19,open,0,9.3,9,0.0,873.1182795698924,3,2024-11-21,0,0.4309208558558494,0.1281036138534546,0.10903525785842332,0.3246372410361318,0.24817424215096476,0.11849750965105317,0.1781378533822166,0.10439814814814814
OESX|2024-11-18,OESX,"Orion Energy Systems, Inc.",Otten Anthony L.,Dir,2024-11-18,2024-11-18 16:52:31,2024-11-19 16:00:00,2024-11-19,close,1,8.6,8,-7.526881720430123,873.1182795698924,3,2024-11-22,0,0.3382889477044555,0.13307930529117584,0.11332275247792305,0.3411228500416869,0.23145346387881033,0.11194813279224622,0.0816758980763916,0.10439814814814814
RHP|2024-11-08,RHP,"Ryman Hospitality Properties, Inc.",Reed Colin V,Exec. COB,2024-11-08,2024-11-12 10:26:42,2024-11-19 16:00:00,2024-11-19,close,5,111.68,4,-1.828410689170179,8.043248945147674,3,2024-11-22,0,0.0005694818087836961,0.07280836999416351,0.026081950110403547,0.017799174484550612,0.029314744099475338,0.05479403681378481,0.07766543073683416,0.10439814814814814
CSBB|2024-11-08,CSBB,"Csb Bancorp, Inc.",Kirkbride Cheryl M,Dir,2024-11-08,2024-11-12 16:37:21,2024-11-20 16:00:00,2024-11-20,close,5,39.0,4,0.6451612903225712,12.12903225806452,3,2024-11-25,0,0.0022190099468412617,0.0672716572880745,0.031913731856688374,0.02424737622052002,0.03141294382803104,0.05521315923487524,0.056819496485606504,0.10439814814814814
CSBB|2024-11-14,CSBB,"Csb Bancorp, Inc.",Baker Robert K,Dir,2024-11-14,2024-11-14 16:03:59,2024-11-20 16:00:00,2024-11-20,close,3,39.0,6,0.0,11.410256410256414,3,2024-11-25,0,0.0013734716517203815,0.0672716572880745,0.03700386635440464,0.02525812522772211,0.03272678013048041,0.05547713739289163,0.08178413947841363,0.10439814814814814
DMLP|2024-11-14,DMLP,"Dorchester Minerals, L.P.",Moriyama Leslie A,CFO,2024-11-14,2024-11-15 16:59:52,2024-11-20 16:00:00,2024-11-20,close,3,33.4,6,-0.2687369363989389,6.718423409973129,3,2024-11-25,0,0.0014264834610667363,0.06233949586749077,0.03601921424939512,0.0227784214304836,0.030640903752109056,0.05505859179625228,0.0768408506078352,0.10439814814814814
LKFN|2024-11-08,LKFN,Lakeland Financial Corp,Bartels Robert E Jr,Dir,2024-11-08,2024-11-08 16:57:27,2024-11-20 16:00:00,2024-11-20,close,8,72.11,1,-1.9711799891245274,16.51712887438823,1,2024-11-21,0,0.0003915094829125331,0.06014547497034073,0.030907258884976835,0.010157747565988803,0.025400497726054724,0.05402015298081482,0.08166486037679767,0.10439814814814814
OESX|2024-11-18,OESX,"Orion Energy Systems, Inc.",Otten Anthony L.,Dir,2024-11-18,2024-11-18 16:52:31,2024-11-20 16:00:00,2024-11-20,close,2,8.69,7,-6.559139784946244,873.1182795698924,3,2024-11-25,0,0.23710240802725907,0.12360000610351562,0.08368553367650676,0.2738515168299818,0.17955986615931582,0.0936022666281904,0.0816758980763916,0.10439814814814814
RHP|2024-11-08,RHP,"Ryman Hospitality Properties, Inc.",Reed Colin V,Exec. COB,2024-11-08,2024-11-12 10:26:42,2024-11-20 16:00:00,2024-11-20,close,6,112.13,3,-1.4328410689170235,8.043248945147674,3,2024-11-25,0,0.00046688601157314063,0.0735936164855957,0.022321593540254717,0.015592547841556968,0.027993660969745135,0.05453168550346976,0.07766543073683416,0.10439814814814814
AIM|2024-11-20,AIM,Aim Immunotech Inc.,Appelrouth Stewart,Dir,2024-11-20,2024-11-21 12:02:37,2024-11-21 16:00:00,2024-11-21,close,0,0.2115,9,0.0,1099.7635933806148,3,2024-11-26,1,0.7573749228795447,0.3144223690032959,0.7074359463986111,0.6955224528246639,0.6186889227765289,0.3582808686830501,0.03949397492462467,0.10439814814814814
CSBB|2024-11-08,CSBB,"Csb Bancorp, Inc.",Kirkbride Cheryl M,Dir,2024-11-08,2024-11-12 16:37:21,2024-11-21 16:00:00,2024-11-21,close,6,39.05,3,0.774193548387081,12.12903225806452,3,2024-11-27,0,0.0021119477049955583,0.0672716572880745,0.027093083871882,0.020523854189259397,0.029250135763552863,0.05478117876415459,0.056819496485606504,0.10439814814814814
CSBB|2024-11-14,CSBB,"Csb Bancorp, Inc.",Baker Robert K,Dir,2024-11-14,2024-11-14 16:03:59,2024-11-21 16:00:00,2024-11-21,close,4,39.05,5,0.12820512820512775,11.410256410256414,3,2024-11-27,0,0.0012541378050658,0.0672716572880745,0.03143931084363796,0.022921115375483248,0.030721555328065375,0.05507471968544728,0.08178413947841363,0.10439814814814814
DMLP|2024-11-14,DMLP,"Dorchester Minerals, L.P.",Moriyama Leslie A,CFO,2024-11-14,2024-11-15 16:59:52,2024-11-21 16:00:00,2024-11-21,close,4,33.5,5,0.029859659599873467,6.718423409973129,3,2024-11-26,0,0.004149229131658925,0.06537608802318573,0.03251112182279874,0.021704028690164932,0.030935116916952082,0.05511744706892561,0.0768408506078352,0.10439814814814814
FMFG|2024-11-20,FMFG,"Farmers & Merchants Bancshares, Inc.",Hux Ronald W.,Dir,2024-11-20,2024-11-21 14:42:31,2024-11-21 16:00:00,2024-11-21,close,0,14.25,9,0.0,75.43859649122805,3,2024-11-26,0,0.0350709562900766,0.08022632449865341,0.06337085113800087,0.04412251605772796,0.05569766199611471,0.06028853634680787,0.0819633557079651,0.10439814814814814
OESX|2024-11-18,OESX,"Orion Energy Systems, Inc.",Otten Anthony L.,Dir,2024-11-18,2024-11-18 16:52:31,2024-11-21 16:00:00,2024-11-21,close,3,8.368,6,-10.021505376344086,873.1182795698924,3,2024-11-26,0,0.34583082084143485,0.12721095979213715,0.11199514920030708,0.33806996485863494,0.23077672367312851,0.11168983919451128,0.0816758980763916,0.10439814814814814
RHP|2024-11-08,RHP,"Ryman Hospitality Properties, Inc.",Reed Colin V,Exec. COB,2024-11-08,2024-11-12 10:26:42,2024-11-21 16:00:00,2024-11-21,close,7,113.77,2,0.008790436005612356,8.043248945147674,2,2024-11-25,0,0.032093996034256764,0.07407409697771072,0.020711759049289433,0.013918567393935882,0.0351996048637982,0.05597720633090034,0.07766543073683416,0.10439814814814814
AIM|2024-11-20,AIM,Aim Immunotech Inc.,Appelrouth Stewart,Dir,2024-11-20,2024-11-21 12:02:37,2024-11-22 16:00:00,2024-11-22,close,1,0.2099,8,-0.7565011820330869,1099.7635933806148,3,2024-11-27,1,0.7994752131854712,0.3144223690032959,0.6876020871851725,0.6811774920815877,0.6206692903638819,0.36003255277767154,0.03949397492462467,0.10439814814814814
CSBB|2024-11-08,CSBB,"Csb Bancorp, Inc.",Kirkbride Cheryl M,Dir,2024-11-08,2024-11-12 16:37:21,2024-11-22 16:00:00,2024-11-22,close,7,38.97,2,0.5677419354838786,12.12903225806452,2,2024-11-27,0,0.0012952523011713372,0.0672716572880745,0.024833119974306952,0.017301591159677124,0.027675405180807477,0.0544686608594136,0.056819496485606504,0.10439814814814814
CSBB|2024-11-14,CSBB,"Csb Bancorp, Inc.",Baker Robert K,Dir,2024-11-14,2024-11-14 16:03:59,2024-11-22 16:00:00,2024-11-22,close,5,38.97,4,-0.07692307692307443,11.410256410256414,3,2024-12-05,0,0.0006979076784401847,0.0672716572880745,0.0288275495035416,0.02333327606829307,0.03003259763458734,0.05493709207955039,0.08178413947841363,0.10439814814814814
DMLP|2024-11-14,DMLP,"Dorchester Minerals, L.P.",Moriyama Leslie A,CFO,2024-11-14,2024-11-15 16:59:52,2024-11-22 16:00:00,2024-11-22,close,5,33.74,4,0.7464914899970143,6.718423409973129,3,2024-11-27,0,0.0014037905939754114,0.0661034807562828,0.030242624466378456,0.019964114044574936,0.029428502465302903,0.054816683383259804,0.0768408506078352,0.10439814814814814
FMFG|2024-11-20,FMFG,"Farmers & Merchants Bancshares, Inc.",Hux Ronald W.,Dir,2024-11-20,2024-11-21 14:42:31,2024-11-22 16:00:00,2024-11-22,close,1,14.83,8,4.070175438596491,75.43859649122805,3,2024-12-02,0,0.01908083355572392,0.07265972346067429,0.07532004035552654,0.054021575584977,0.055270543239225436,0.060195609913388536,0.0819633557079651,0.10439814814814814
FRAF|2024-11-20,FRAF,Franklin Financial Services Corp /pa/,Carmack Karen K,SVP,2024-11-20,2024-11-22 13:22:32,2024-11-22 16:00:00,2024-11-22,close,0,33.59,9,0.0,8.812146472164306,3,2024-11-27,0,0.0008389301014931618,0.06464217603206635,0.03989975243831564,0.02114602571581551,0.031631721071922664,0.055257034100017616,0.07729515588694416,0.10439814814814814
IBCP|2024-11-20,IBCP,Independent Bank Corp /mi/,Mohr Gavin A.,EVP,2024-11-20,2024-11-21 16:43:57,2024-11-22 09:30:00,2024-11-22,open,0,38.24,9,0.0,3.3470188284518754,3,2024-11-26,0,0.015358160620559542,0.0830657035112381,0.0735050870782447,0.03810076413315479,0.052507428835799286,0.05959768261351849,0.16870713997743284,0.10439814814814814
IBCP|2024-11-20,IBCP,Independent Bank Corp /mi/,Mohr Gavin A.,EVP,2024-11-20,2024-11-21 16:43:57,2024-11-22 16:00:00,2024-11-22,close,1,38.5,8,0.6799163179916246,3.3470188284518754,3,2024-11-27,0,0.016915354946229474,0.08410896360874176,0.06158761367825299,0.028544033044950883,0.047788991319543776,0.05858947535744621,0.076874264008154,0.10439814814814814
OESX|2024-11-18,OESX,"Orion Energy Systems, Inc.",Otten Anthony L.,Dir,2024-11-18,2024-11-18 16:52:31,2024-11-22 16:00:00,2024-11-22,close,4,8.202,5,-11.806451612903235,873.1182795698924,3,2024-11-27,0,0.275761061226044,0.14001072943210602,0.10349564973805343,0.3625284264118919,0.22044896670202385,0.10781226011953582,0.0816758980763916,0.10439814814814814
ONEW|2024-11-19,ONEW,Onewater Marine Inc.,Singleton Philip Austin Jr.,CEO - See Remarks,2024-11-19,2024-11-21 16:41:12,2024-11-22 09:30:00,2024-11-22,open,0,21.44,9,0.0,192.86380597014926,3,2024-11-26,0,0.26260272098976917,0.17422951757907867,0.241508726769875,0.25906867247843124,0.23435240945428853,0.11306049735592394,0.16871539600967148,0.10439814814814814
ONEW|2024-11-19,ONEW,Onewater Marine Inc.,Singleton Philip Austin Jr.,CEO - See Remarks,2024-11-19,2024-11-21 16:41:12,2024-11-22 16:00:00,2024-11-22,close,1,21.56,8,0.5597014925373012,192.86380597014926,3,2024-11-27,0,0.22664715760863668,0.17422951757907867,0.20929587687455187,0.20663233839274475,0.20420122261375298,0.10195158712182065,0.07687844161959964,0.10439814814814814
ONEW|2024-11-20,ONEW,Onewater Marine Inc.,Roy J Steven,Dir,2024-11-20,2024-11-21 16:43:36,2024-11-22 09:30:00,2024-11-22,open,0,21.44,9,0.0,192.86380597014926,3,2024-11-26,0,0.1974899525997122,0.19306473433971405,0.24583041927589078,0.25877512201492153,0.2237900570575596,0.1090535519935962,0.17817663984112506,0.10439814814814814
ONEW|2024-11-20,ONEW,Onewater Marine Inc.,Roy J Steven,Dir,2024-11-20,2024-11-21 16:43:36,2024-11-22 16:00:00,2024-11-22,close,1,21.56,8,0.5597014925373012,192.86380597014926,3,2024-11-27,0,0.21865115934039145,0.19306473433971405,0.21320316377369214,0.20634795663579242,0.20781675352239753,0.10323079824468688,0.08169576936077713,0.10439814814814814
RHP|2024-11-08,RHP,"Ryman Hospitality Properties, Inc.",Reed Colin V,Exec. COB,2024-11-08,2024-11-12 10:26:42,2024-11-22 16:00:00,2024-11-22,close,8,115.71,1,1.7141350210970296,8.043248945147674,1,2024-11-25,0,0.007489913636006015,0.08106540143489838,0.017876247528492335,0.010478293398277373,0.029227463999418522,0.054776667409176194,0.07766543073683416,0.10439814814814814
AIM|2024-11-20,AIM,Aim Immunotech Inc.,Appelrouth Stewart,Dir,2024-11-20,2024-11-21 12:02:37,2024-11-25 16:00:00,2024-11-25,close,2,0.2128,7,0.614657210401881,1099.7635933806148,3,2024-11-29,1,0.4539955057260223,0.3144223690032959,0.3969352189863243,0.5532900517507859,0.4296607863666071,0.21260802030027318,0.03949397492462467,0.10439814814814814
CSBB|2024-11-08,CSBB,"Csb Bancorp, Inc.",Kirkbride Cheryl M,Dir,2024-11-08,2024-11-12 16:37:21,2024-11-25 16:00:00,2024-11-25,close,8,38.915,1,0.4258064516128979,12.12903225806452,1,2024-11-27,0,0.0007431897029202774,0.0672716572880745,0.018802324416219145,0.011066735790877994,0.02447097679952298,0.053837897805159414,0.056819496485606504,0.10439814814814814
CSBB|2024-11-14,CSBB,"Csb Bancorp, Inc.",Baker Robert K,Dir,2024-11-14,2024-11-14 16:03:59,2024-11-25 16:00:00,2024-11-25,close,6,38.915,3,-0.21794871794872384,11.410256410256414,3,2024-12-06,0,0.00043813811284568296,0.0672716572880745,0.021848429077811277,0.018689578499952755,0.027061950744671052,0.05434737124580004,0.08178413947841363,0.10439814814814814
DMLP|2024-11-14,DMLP,"Dorchester Minerals, L.P.",Moriyama Leslie A,CFO,2024-11-14,2024-11-15 16:59:52,2024-11-25 16:00:00,2024-11-25,close,6,33.6,3,0.32845625559867475,6.718423409973129,3,2024-11-29,0,0.0004897394260546654,0.06438107788562775,0.027398390589659424,0.017398011688821314,0.027416804897540788,0.05441750043552769,0.0768408506078352,0.10439814814814814
FMFG|2024-11-20,FMFG,"Farmers & Merchants Bancshares, Inc.",Hux Ronald W.,Dir,2024-11-20,2024-11-21 14:42:31,2024-11-25 16:00:00,2024-11-25,close,2,15.0,7,5.263157894736836,75.43859649122805,3,2024-12-03,0,0.04009797709814238,0.07615230232477188,0.06624440089307902,0.04495415640467051,0.056862209180165955,0.06054258442358718,0.0819633557079651,0.10439814814814814
FRAF|2024-11-20,FRAF,Franklin Financial Services Corp /pa/,Carmack Karen K,SVP,2024-11-20,2024-11-22 13:22:32,2024-11-25 16:00:00,2024-11-25,close,1,33.47,8,-0.35724918130397576,8.812146472164306,3,2024-11-29,0,0.0007803745813593435,0.06394585222005844,0.03930069693018366,0.019452245044876405,0.030869792194119464,0.055104374203374974,0.07729515588694416,0.10439814814814814
IBCP|2024-11-20,IBCP,Independent Bank Corp /mi/,Mohr Gavin A.,EVP,2024-11-20,2024-11-21 16:43:57,2024-11-25 16:00:00,2024-11-25,close,2,38.87,7,1.6474895397489364,5.439330543933041,3,2024-11-29,0,0.008140273355179237,0.08643541485071182,0.04978496128206379,0.024478376871942778,0.042209756589974404,0.05741797989422698,0.076874264008154,0.10439814814814814
OESX|2024-11-18,OESX,"Orion Energy Systems, Inc.",Otten Anthony L.,Dir,2024-11-18,2024-11-18 16:52:31,2024-11-25 16:00:00,2024-11-25,close,5,8.133,4,-12.548387096774205,873.1182795698924,3,2024-11-29,0,0.31882749032765645,0.12247858196496964,0.08623696591790198,0.26171306408793166,0.19731402557461492,0.09955366869248182,0.0816758980763916,0.10439814814814814
ONEW|2024-11-19,ONEW,Onewater Marine Inc.,Singleton Philip Austin Jr.,CEO - See Remarks,2024-11-19,2024-11-21 16:41:12,2024-11-25 16:00:00,2024-11-25,close,2,22.6,7,5.410447761194037,192.86380597014926,3,2024-11-29,0,0.04660508793064059,0.16630512475967407,0.0942039381393341,0.1524490415869896,0.11489079810415959,0.07454038992903705,0.07687844161959964,0.10439814814814814
ONEW|2024-11-20,ONEW,Onewater Marine Inc.,Roy J Steven,Dir,2024-11-20,2024-11-21 16:43:36,2024-11-25 16:00:00,2024-11-25,close,2,22.6,7,5.410447761194037,192.86380597014926,3,2024-11-29,0,0.036906111081199726,0.18447506427764893,0.09622407990682182,0.1519829162825774,0.11739704288706196,0.07520754589857895,0.08169576936077713,0.10439814814814814
AIM|2024-11-20,AIM,Aim Immunotech Inc.,Appelrouth Stewart,Dir,2024-11-20,2024-11-21 12:02:37,2024-11-26 16:00:00,2024-11-26,close,3,0.2248,6,6.288416075650116,1099.7635933806148,3,2024-12-02,1,0.4821462398461326,0.2740645706653595,0.35012234799488606,0.4962203422114197,0.40063837517944945,0.19453459139778775,0.03949397492462467,0.10439814814814814
DMLP|2024-11-14,DMLP,"Dorchester Minerals, L.P.",Moriyama Leslie A,CFO,2024-11-14,2024-11-15 16:59:52,2024-11-26 16:00:00,2024-11-26,close,7,33.69,2,0.5971931919976026,6.718423409973129,2,2024-11-29,0,0.0005190436354751063,0.06438107788562775,0.025004937755017807,0.013969419461370345,0.025968619684372748,0.05413183338602464,0.0768408506078352,0.10439814814814814
FMFG|2024-11-20,FMFG,"Farmers & Merchants Bancshares, Inc.",Hux Ronald W.,Dir,2024-11-20,2024-11-21 14:42:31,2024-11-26 16:00:00,2024-11-26,close,3,14.15,6,-0.7017543859649145,75.43859649122805,3,2024-12-05,0,0.029252460222995408,0.08833791315555573,0.11145305319260072,0.07595379737350808,0.07624930598616497,0.06492159146886936,0.0819633557079651,0.10439814814814814
FRAF|2024-11-20,FRAF,Franklin Financial Services Corp /pa/,Carmack Karen K,SVP,2024-11-20,2024-11-22 13:22:32,2024-11-26 16:00:00,2024-11-26,close,2,33.55,7,-0.11908306043467709,8.812146472164306,3,2024-12-02,0,0.0008185953419483318,0.06366781890392303,0.035684904762175486,0.016796561240541442,0.02924197006214707,0.05477955386669187,0.07729515588694416,0.10439814814814814
IBCP|2024-11-20,IBCP,Independent Bank Corp /mi/,Mohr Gavin A.,EVP,2024-11-20,2024-11-21 16:43:57,2024-11-26 16:00:00,2024-11-26,close,3,38.28,6,0.10460251046024993,5.439330543933041,3,2024-12-02,0,0.011472299416696936,0.07564572244882584,0.057629625101520164,0.02378117664966257,0.04213220590417637,0.05740185227659839,0.076874264008154,0.10439814814814814
OESX|2024-11-18,OESX,"Orion Energy Systems, Inc.",Otten Anthony L.,Dir,2024-11-18,2024-11-18 16:52:31,2024-11-26 16:00:00,2024-11-26,close,6,8.4,3,-9.677419354838712,873.1182795698924,3,2024-12-02,0,0.22029560495786188,0.11566106230020523,0.0888767698777779,0.22967886160468973,0.16362807468513368,0.08853541432274821,0.0816758980763916,0.10439814814814814
ONEW|2024-11-19,ONEW,Onewater Marine Inc.,Singleton Philip Austin Jr.,CEO - See Remarks,2024-11-19,2024-11-21 16:41:12,2024-11-26 16:00:00,2024-11-26,close,3,21.53,6,0.41977611940298143,192.86380597014926,3,2024-12-02,0,0.16765328431105117,0.15809708833694458,0.19471974658865782,0.16405810737123827,0.17113205665197298,0.09089033910383335,0.07687844161959964,0.10439814814814814
ONEW|2024-11-20,ONEW,Onewater Marine Inc.,Roy J Steven,Dir,2024-11-20,2024-11-21 16:43:36,2024-11-26 16:00:00,2024-11-26,close,3,21.53,6,0.41977611940298143,192.86380597014926,3,2024-12-02,0,0.12790871891783634,0.16272737085819244,0.19842320231216692,0.16382731332883635,0.163221651354258,0.08840945475892219,0.08169576936077713,0.10439814814814814
AIG|2024-11-26,AIG,"American International Group, Inc.",Inglis John C,Dir,2024-11-26,2024-11-26 16:46:54,2024-11-27 09:30:00,2024-11-27,open,0,76.47,9,0.0,5.701582319863996,3,2024-12-02,0,0.0018973558671102233,0.05948406085371971,0.04204645649499706,0.02956547414805207,0.03324833684096977,0.05558225847720816,0.1781637102866359,0.10439814814814814
AIG|2024-11-26,AIG,"American International Group, Inc.",Inglis John C,Dir,2024-11-26,2024-11-26 16:46:54,2024-11-27 16:00:00,2024-11-27,close,1,77.14,8,0.8761605858506716,5.701582319863996,3,2024-12-03,0,0.006796925808172562,0.061083998531103134,0.03491044174691312,0.021700433829368468,0.031122949978889324,0.05515505273049568,0.08168914510997824,0.10439814814814814
CSBB|2024-11-14,CSBB,"Csb Bancorp, Inc.",Baker Robert K,Dir,2024-11-14,2024-11-14 16:03:59,2024-11-27 16:00:00,2024-11-27,close,7,38.88,2,-0.3076923076922977,11.410256410256414,2,2024-12-06,0,0.00034424984283544285,0.0672716572880745,0.021012491661156808,0.01561344150787359,0.02606046007498508,0.054149907632989144,0.08178413947841363,0.10439814814814814
DMLP|2024-11-14,DMLP,"Dorchester Minerals, L.P.",Moriyama Leslie A,CFO,2024-11-14,2024-11-15 16:59:52,2024-11-27 16:00:00,2024-11-27,close,8,34.19,1,2.090176171991631,6.718423409973129,1,2024-11-29,0,0.0006624238058435461,0.0661034807562828,0.022216473693042544,0.010623680830555992,0.02490151477143122,0.05392224303414554,0.0768408506078352,0.10439814814814814
FRAF|2024-11-20,FRAF,Franklin Financial Services Corp /pa/,Carmack Karen K,SVP,2024-11-20,2024-11-22 13:22:32,2024-11-27 16:00:00,2024-11-27,close,3,33.55,6,-0.11908306043467709,8.812146472164306,3,2024-12-03,0,0.0008185953419483318,0.06324004381895065,0.03251017886826995,0.015395916018858778,0.027991183512006933,0.05453119462372458,0.07729515588694416,0.10439814814814814
IBCP|2024-11-20,IBCP,Independent Bank Corp /mi/,Mohr Gavin A.,EVP,2024-11-20,2024-11-21 16:43:57,2024-11-27 16:00:00,2024-11-27,close,4,37.94,5,-0.7845188284518967,5.439330543933041,3,2024-12-03,0,0.0035926359796376256,0.07448834180831909,0.05217511705636747,0.022554157233237403,0.0382025630193904,0.056590183199034236,0.076874264008154,0.10439814814814814
OESX|2024-11-18,OESX,"Orion Energy Systems, Inc.",Otten Anthony L.,Dir,2024-11-18,2024-11-18 16:52:31,2024-11-27 16:00:00,2024-11-27,close,7,8.21,2,-11.72043010752688,873.1182795698924,2,2024-12-02,0,0.13198237560758846,0.12018679827451706,0.0866683351374311,0.2192944935393509,0.13953300063972188,0.08134222443760158,0.0816758980763916,0.10439814814814814
ONEW|2024-11-19,ONEW,Onewater Marine Inc.,Singleton Philip Austin Jr.,CEO - See Remarks,2024-11-19,2024-11-21 16:41:12,2024-11-27 16:00:00,2024-11-27,close,4,22.15,5,3.3115671641790856,192.86380597014926,3,2024-12-03,0,0.1792082490037383,0.15809708833694458,0.1597497345138664,0.1365482383953709,0.15840082756248006,0.08692767671311875,0.07687844161959964,0.10439814814814814
ONEW|2024-11-20,ONEW,Onewater Marine Inc.,Roy J Steven,Dir,2024-11-20,2024-11-21 16:43:36,2024-11-27 16:00:00,2024-11-27,close,4,22.15,5,3.3115671641790856,192.86380597014926,3,2024-12-03,0,0.15141378260539926,0.16272737085819244,0.16292264457710062,0.13622070313008472,0.15332112529269426,0.0853906740747571,0.08169576936077713,0.10439814814814814
AIG|2024-11-26,AIG,"American International Group, Inc.",Inglis John C,Dir,2024-11-26,2024-11-26 16:46:54,2024-11-29 16:00:00,2024-11-29,close,2,76.88,7,0.5361579704459274,5.701582319863996,3,2024-12-04,0,0.00634321762616437,0.059872400015592575,0.03261101720918493,0.01802616122319088,0.029213199018533188,0.054773829062537964,0.08168914510997824,0.10439814814814814
FRAF|2024-11-20,FRAF,Franklin Financial Services Corp /pa/,Carmack Karen K,SVP,2024-11-20,2024-11-22 13:22:32,2024-11-29 16:00:00,2024-11-29,close,4,33.72,5,0.3870199464126145,8.812146472164306,3,2024-12-04,0,0.0004165563718937017,0.06324004381895065,0.025090226238253226,0.014649729091609772,0.02584913888017684,0.05410832800090955,0.07729515588694416,0.10439814814814814
IBCP|2024-11-20,IBCP,Independent Bank Corp /mi/,Mohr Gavin A.,EVP,2024-11-20,2024-11-21 16:43:57,2024-11-29 16:00:00,2024-11-29,close,5,37.63,4,-1.5951882845188226,5.439330543933041,3,2024-12-04,0,0.009185670106756309,0.07400768995285034,0.04540931881228392,0.020968002053455264,0.03739267023133645,0.05642424570799621,0.076874264008154,0.10439814814814814
OESX|2024-11-18,OESX,"Orion Energy Systems, Inc.",Otten Anthony L.,Dir,2024-11-18,2024-11-18 16:52:31,2024-11-29 16:00:00,2024-11-29,close,8,8.4,1,-9.677419354838712,873.1182795698924,1,2024-12-02,0,0.016074201011608242,0.11566106230020523,0.07844668607033127,0.15481585378787682,0.09124945079250539,0.06851011158874512,0.0816758980763916,0.10439814814814814
ONEW|2024-11-19,ONEW,Onewater Marine Inc.,Singleton Philip Austin Jr.,CEO - See Remarks,2024-11-19,2024-11-21 16:41:12,2024-11-29 16:00:00,2024-11-29,close,5,22.19,4,3.4981343283582156,192.86380597014926,3,2024-12-04,0,0.17597649471430968,0.15809708833694458,0.12813774500366162,0.12666234862663306,0.14721841917038722,0.08357674202912012,0.07687844161959964,0.10439814814814814
ONEW|2024-11-20,ONEW,Onewater Marine Inc.,Roy J Steven,Dir,2024-11-20,2024-11-21 16:43:36,2024-11-29 16:00:00,2024-11-29,close,5,22.19,4,3.4981343283582156,192.86380597014926,3,2024-12-04,0,0.17803150301364867,0.16272737085819244,0.13078051006159122,0.12634703082124116,0.14947160368866835,0.08424235105361888,0.08169576936077713,0.10439814814814814
AIG|2024-11-26,AIG,"American International Group, Inc.",Inglis John C,Dir,2024-11-26,2024-11-26 16:46:54,2024-12-02 16:00:00,2024-12-02,close,3,76.01,6,-0.6015430887929774,5.701582319863996,3,2024-12-05,0,0.001636864511428091,0.058595430105924606,0.030442027918036973,0.016730337732516795,0.026851165066976615,0.05430575438702822,0.08168914510997824,0.10439814814814814
FRAF|2024-11-20,FRAF,Franklin Financial Services Corp /pa/,Carmack Karen K,SVP,2024-11-20,2024-11-22 13:22:32,2024-12-02 16:00:00,2024-12-02,close,5,33.62,4,0.08931229532598284,8.812146472164306,3,2024-12-05,0,0.00032377401217715103,0.06299503892660141,0.024979565778642545,0.015544760604450494,0.0259607848304679,0.05413029174514647,0.07729515588694416,0.10439814814814814
IBCP|2024-11-20,IBCP,Independent Bank Corp /mi/,Mohr Gavin A.,EVP,2024-11-20,2024-11-21 16:43:57,2024-12-02 16:00:00,2024-12-02,close,6,37.8,3,-1.1506276150627714,5.439330543933041,3,2024-12-05,0,0.002822710666511743,0.07448834180831909,0.04486785797617926,0.019464501484974122,0.03541085298399605,0.05602012219971785,0.076874264008154,0.10439814814814814
ONEW|2024-11-19,ONEW,Onewater Marine Inc.,Singleton Philip Austin Jr.,CEO - See Remarks,2024-11-19,2024-11-21 16:41:12,2024-12-02 16:00:00,2024-12-02,close,6,21.99,3,2.5652985074626766,192.86380597014926,3,2024-12-05,0,0.01183686827041039,0.15996211767196655,0.08671746796347553,0.07615639530417513,0.0836682123025069,0.06667403091454195,0.07687844161959964,0.10439814814814814
ONEW|2024-11-20,ONEW,Onewater Marine Inc.,Roy J Steven,Dir,2024-11-20,2024-11-21 16:43:36,2024-12-02 16:00:00,2024-12-02,close,6,21.99,3,2.5652985074626766,192.86380597014926,3,2024-12-05,0,0.020663043144356415,0.16463634371757507,0.08859276938023879,0.07598122831361348,0.08746834613894594,0.06758859274745078,0.08169576936077713,0.10439814814814814
AIG|2024-11-26,AIG,"American International Group, Inc.",Inglis John C,Dir,2024-11-26,2024-11-26 16:46:54,2024-12-03 16:00:00,2024-12-03,close,4,75.1,5,-1.7915522427095598,5.701582319863996,3,2024-12-06,0,0.002268873471386439,0.05912962928414345,0.027088871592592243,0.017074831597329296,0.026390551486362858,0.054214916814239185,0.08168914510997824,0.10439814814814814
FRAF|2024-11-20,FRAF,Franklin Financial Services Corp /pa/,Carmack Karen K,SVP,2024-11-20,2024-11-22 13:22:32,2024-12-03 16:00:00,2024-12-03,close,6,33.53,3,-0.17862459065198788,8.812146472164306,3,2024-12-06,0,0.00031861530745966456,0.06299503892660141,0.021466367508843398,0.013374305961432707,0.024538581926084296,0.05385113385563342,0.07729515588694416,0.10439814814814814
IBCP|2024-11-20,IBCP,Independent Bank Corp /mi/,Mohr Gavin A.,EVP,2024-11-20,2024-11-21 16:43:57,2024-12-03 16:00:00,2024-12-03,close,7,37.69,2,-1.4382845188284588,5.439330543933041,2,2024-12-05,0,0.0009172895076608688,0.0741104930639267,0.03885488080590381,0.014221358044180517,0.032026005355417976,0.05533618906995309,0.076874264008154,0.10439814814814814
IBCP|2024-12-03,IBCP,Independent Bank Corp /mi/,Ervin Patrick J,EVP,2024-12-03,2024-12-03 11:57:48,2024-12-03 16:00:00,2024-12-03,close,0,37.69,9,0.0,6.977978243565941,3,2024-12-06,0,0.0014252546521815587,0.0793752446770668,0.06514902869553987,0.020162177090258405,0.04152792627876166,0.0572763305536999,0.07747377943437193,0.10439814814814814
ONEW|2024-11-19,ONEW,Onewater Marine Inc.,Singleton Philip Austin Jr.,CEO - See Remarks,2024-11-19,2024-11-21 16:41:12,2024-12-03 16:00:00,2024-12-03,close,7,21.47,2,0.13992537313431974,192.86380597014926,2,2024-12-05,0,0.007497159978909133,0.14869970083236694,0.08657985503993446,0.0584918942291118,0.07531715252008059,0.06470446009307687,0.07687844161959964,0.10439814814814814
ONEW|2024-11-20,ONEW,Onewater Marine Inc.,Roy J Steven,Dir,2024-11-20,2024-11-21 16:43:36,2024-12-03 16:00:00,2024-12-03,close,7,21.47,2,0.13992537313431974,192.86380597014926,2,2024-12-05,0,0.004744040250688495,0.15443693101406097,0.08845246874274992,0.05840490659813061,0.0765095866514075,0.06498234099600003,0.08169576936077713,0.10439814814814814
AIG|2024-11-26,AIG,"American International Group, Inc.",Inglis John C,Dir,2024-11-26,2024-11-26 16:46:54,2024-12-04 16:00:00,2024-12-04,close,5,75.96,4,-0.6669282071400606,5.701582319863996,3,2024-12-09,0,0.0013651229145661607,0.058595430105924606,0.029717036206305746,0.01900789738351183,0.027171371652577086,0.05436898681509909,0.08168914510997824,0.10439814814814814
FRAF|2024-11-20,FRAF,Franklin Financial Services Corp /pa/,Carmack Karen K,SVP,2024-11-20,2024-11-22 13:22:32,2024-12-04 16:00:00,2024-12-04,close,7,33.59,2,0.0,8.812146472164306,2,2024-12-06,0,0.000304211046369559,0.06299503892660141,0.020406358053352055,0.011080196154042326,0.023696451045091337,0.0536864762794921,0.07729515588694416,0.10439814814814814
IBCP|2024-11-20,IBCP,Independent Bank Corp /mi/,Mohr Gavin A.,EVP,2024-11-20,2024-11-21 16:43:57,2024-12-04 16:00:00,2024-12-04,close,8,38.25,1,0.026150627615062483,5.439330543933041,1,2024-12-05,0,0.012009620099857765,0.07660357654094696,0.03503783751533418,0.011563363147678626,0.03380359932595438,0.05569437906038115,0.076874264008154,0.10439814814814814
IBCP|2024-12-03,IBCP,Independent Bank Corp /mi/,Ervin Patrick J,EVP,2024-12-03,2024-12-03 11:57:48,2024-12-04 16:00:00,2024-12-04,close,1,38.25,8,1.4858052533828658,6.977978243565941,3,2024-12-09,0,0.006143321280044752,0.08175937831401825,0.05890720331884469,0.019822759252353755,0.04165816554131536,0.05730336220413979,0.07747377943437193,0.10439814814814814
ONEW|2024-11-19,ONEW,Onewater Marine Inc.,Singleton Philip Austin Jr.,CEO - See Remarks,2024-11-19,2024-11-21 16:41:12,2024-12-04 16:00:00,2024-12-04,close,8,20.89,1,-2.5652985074626877,192.86380597014926,1,2024-12-05,0,0.005447083030649916,0.1510261446237564,0.0867860058879678,0.0495425219052344,0.07320043886190213,0.06421391097112632,0.07687844161959964,0.10439814814814814
ONEW|2024-11-20,ONEW,Onewater Marine Inc.,Roy J Steven,Dir,2024-11-20,2024-11-21 16:43:36,2024-12-04 16:00:00,2024-12-04,close,8,20.89,1,-2.5652985074626877,192.86380597014926,1,2024-12-05,0,0.001029304079887021,0.1568366140127182,0.08866264557581649,0.04949026355924166,0.07400470680691584,0.0643998909881952,0.08169576936077713,0.10439814814814814
AIG|2024-11-26,AIG,"American International Group, Inc.",Inglis John C,Dir,2024-11-26,2024-11-26 16:46:54,2024-12-05 16:00:00,2024-12-05,close,6,76.14,3,-0.43154178109061636,5.701582319863996,3,2024-12-10,0,0.0017658831801164664,0.058595430105924606,0.025982746795853533,0.016311647055287475,0.02566392678429552,0.05407191035821647,0.08168914510997824,0.10439814814814814
AIM|2024-12-02,AIM,Aim Immunotech Inc.,Appelrouth Stewart,Dir,2024-12-02,2024-12-04 16:05:17,2024-12-05 09:30:00,2024-12-05,open,0,0.2006,9,0.0,1164.9551345962116,3,2024-12-09,1,0.6147954761038207,0.33615148067474365,0.4658740727333335,0.7505864115794805,0.5418518602728446,0.2935672382285134,0.17834047780912604,0.10439814814814814
AIM|2024-12-02,AIM,Aim Immunotech Inc.,Appelrouth Stewart,Dir,2024-12-02,2024-12-04 16:05:17,2024-12-05 16:00:00,2024-12-05,close,1,0.2049,8,2.143569292123626,1164.9551345962116,3,2024-12-10,1,0.572792086699682,0.3157368004322052,0.4123175506056637,0.6396431698319084,0.4851224018923648,0.25046480787806674,0.08177971890524273,0.10439814814814814
FMFG|2024-11-20,FMFG,"Farmers & Merchants Bancshares, Inc.",Hux Ronald W.,Dir,2024-11-20,2024-11-21 14:42:31,2024-12-05 16:00:00,2024-12-05,close,6,15.1,3,5.964912280701751,75.43859649122805,3,2024-12-13,0,0.03474124565046787,0.11651258915662766,0.11063892306542318,0.10057412379613287,0.0906167204171629,0.06835509768246581,0.0819633557079651,0.10439814814814814
FRAF|2024-11-20,FRAF,Franklin Financial Services Corp /pa/,Carmack Karen K,SVP,2024-11-20,2024-11-22 13:22:32,2024-12-05 16:00:00,2024-12-05,close,8,33.59,1,0.0,8.812146472164306,1,2024-12-06,0,0.00030578969164461023,0.06324004381895065,0.018830001040358542,0.008175994167093673,0.022637957179511867,0.05348018791425917,0.07729515588694416,0.10439814814814814
FRAF|2024-12-04,FRAF,Franklin Financial Services Corp /pa/,Duffey Gregory A,Dir,2024-12-04,2024-12-05 09:17:44,2024-12-05 09:30:00,2024-12-05,open,0,33.51,9,0.0,9.071918830199932,3,2024-12-09,0,0.00036616718794297285,0.06276388466358185,0.03824163251612952,0.022465663256953424,0.030959336906151942,0.05512229474566588,0.12947024423932516,0.10439814814814814
FRAF|2024-12-04,FRAF,Franklin Financial Services Corp /pa/,Duffey Gregory A,Dir,2024-12-04,2024-12-05 09:17:44,2024-12-05 16:00:00,2024-12-05,close,1,33.59,8,0.23873470605790814,9.071918830199932,3,2024-12-10,0,0.0003588172562204191,0.06276388466358185,0.032282036614745116,0.01660900377217185,0.028003435576679808,0.05453362226999038,0.057517542431626684,0.10439814814814814
IBCP|2024-12-03,IBCP,Independent Bank Corp /mi/,Ervin Patrick J,EVP,2024-12-03,2024-12-03 11:57:48,2024-12-05 16:00:00,2024-12-05,close,2,38.09,7,1.0612894667020534,6.977978243565941,3,2024-12-10,0,0.011179643833440053,0.08003316819667816,0.058491025308591786,0.017826333225576498,0.04188254264107163,0.05734996062305071,0.07747377943437193,0.10439814814814814
AIG|2024-11-26,AIG,"American International Group, Inc.",Inglis John C,Dir,2024-11-26,2024-11-26 16:46:54,2024-12-06 16:00:00,2024-12-06,close,7,75.56,2,-1.1900091539165603,5.701582319863996,2,2024-12-10,0,0.0018360781292299335,0.05912962928414345,0.024315073617029195,0.014190949381712921,0.024867932603028872,0.053915659587595956,0.08168914510997824,0.10439814814814814
AIM|2024-12-02,AIM,Aim Immunotech Inc.,Appelrouth Stewart,Dir,2024-12-02,2024-12-04 16:05:17,2024-12-06 16:00:00,2024-12-06,close,2,0.2068,7,3.090727816550354,1164.9551345962116,3,2024-12-11,1,0.45737879299431833,0.2710280418395996,0.38921524750932596,0.5670322620217431,0.4211635860912467,0.20719267330661437,0.08177971890524273,0.10439814814814814
DMLP|2024-12-03,DMLP,"Dorchester Minerals, L.P.",Moriyama Leslie A,CFO,2024-12-03,2024-12-05 18:29:26,2024-12-06 09:30:00,2024-12-06,open,0,33.88,9,0.0,5.489964580873674,3,2024-12-10,0,0.004584947508265351,0.06694017350673676,0.06126783281789583,0.04779929396404207,0.045148061949235,0.0580321802175358,0.12047220994141743,0.10439814814814814
DMLP|2024-12-03,DMLP,"Dorchester Minerals, L.P.",Moriyama Leslie A,CFO,2024-12-03,2024-12-05 18:29:26,2024-12-06 16:00:00,2024-12-06,close,1,33.22,8,-1.9480519480519543,5.489964580873674,3,2024-12-11,0,0.0078799893306552,0.0768367126584053,0.05510721888825101,0.03991713874882768,0.0449352649065348,0.057987492479193437,0.053214456187418664,0.10439814814814814
FRAF|2024-12-04,FRAF,Franklin Financial Services Corp /pa/,Duffey Gregory A,Dir,2024-12-04,2024-12-05 09:17:44,2024-12-06 16:00:00,2024-12-06,close,2,33.72,7,0.6266786034019756,9.071918830199932,3,2024-12-11,0,0.0003921380676905001,0.06249064952135086,0.030085481711168465,0.01464449182492008,0.026903190281282477,0.054316023288217406,0.057517542431626684,0.10439814814814814
IBCP|2024-12-03,IBCP,Independent Bank Corp /mi/,Ervin Patrick J,EVP,2024-12-03,2024-12-03 11:57:48,2024-12-06 16:00:00,2024-12-06,close,3,38.02,6,0.8755638100292007,6.977978243565941,3,2024-12-11,0,0.005713310189898943,0.05763554200530052,0.04155395472010688,0.015421743524113329,0.030081137609854917,0.054946777908438466,0.07747377943437193,0.10439814814814814
AIG|2024-11-26,AIG,"American International Group, Inc.",Inglis John C,Dir,2024-11-26,2024-11-26 16:46:54,2024-12-09 16:00:00,2024-12-09,close,8,74.08,1,-3.12540865698967,5.701582319863996,1,2024-12-10,0,0.0011307450760702645,0.05912962928414345,0.023857358385560527,0.011884047508664949,0.024000445063609797,0.053745859840862886,0.08168914510997824,0.10439814814814814
AIM|2024-12-02,AIM,Aim Immunotech Inc.,Appelrouth Stewart,Dir,2024-12-02,2024-12-04 16:05:17,2024-12-09 16:00:00,2024-12-09,close,3,0.2192,6,9.272183449651038,1164.9551345962116,3,2024-12-12,0,0.7820472814616255,0.25608325004577637,0.3724707367881954,0.528705656820184,0.4848267312789453,0.25025155321610093,0.08177971890524273,0.10439814814814814
DMLP|2024-12-03,DMLP,"Dorchester Minerals, L.P.",Moriyama Leslie A,CFO,2024-12-03,2024-12-05 18:29:26,2024-12-09 16:00:00,2024-12-09,close,2,33.45,7,-1.2691853600944492,5.489964580873674,3,2024-12-12,0,0.003981968186261779,0.06682511419057846,0.03655272735035005,0.029767249923356106,0.0342817649126366,0.05579110248482715,0.053214456187418664,0.10439814814814814
FRAF|2024-12-04,FRAF,Franklin Financial Services Corp /pa/,Duffey Gregory A,Dir,2024-12-04,2024-12-05 09:17:44,2024-12-09 16:00:00,2024-12-09,close,3,33.8,6,0.8654133094598615,9.071918830199932,3,2024-12-12,0,0.00041204016638380795,0.06250429898500443,0.02575427392499006,0.012931146312460087,0.025400439847209598,0.05402014161416955,0.057517542431626684,0.10439814814814814
IBCP|2024-12-03,IBCP,Independent Bank Corp /mi/,Ervin Patrick J,EVP,2024-12-03,2024-12-03 11:57:48,2024-12-09 16:00:00,2024-12-09,close,4,37.29,5,-1.0612894667020423,6.977978243565941,3,2024-12-12,0,0.0035483584507332287,0.05701008439064026,0.03466278582818818,0.01568854966925277,0.027727444584703612,0.05447896159964445,0.07747377943437193,0.10439814814814814
AIM|2024-12-02,AIM,Aim Immunotech Inc.,Appelrouth Stewart,Dir,2024-12-02,2024-12-04 16:05:17,2024-12-10 16:00:00,2024-12-10,close,4,0.2178,5,8.574277168494504,1164.9551345962116,3,2024-12-13,0,0.7519316795945896,0.22851493954658508,0.3406036428889967,0.49510147929027987,0.45403793533011283,0.22871281281627814,0.08177971890524273,0.10439814814814814
