strategy,min_decile_score,min_alloc_fraction,max_alloc_fraction,w_score,w_price_edge,w_risk_quality,w_range_risk,w_sd_risk,w_vol_risk,w_mom_risk,raw_pred_mean4_cutoff,n_trades,return_pct,max_drawdown_pct,win_rate_pct,mean_trade_ret_pct,std_trade_ret_pct,sharpe_trade,sortino_trade,cvar5_trade_ret_pct,objective_val,avg_alloc_fraction,p95_alloc_fraction,max_alloc_fraction_realized,avg_sizing_signal
cfg_158,0.9,0.08,0.3,0.7,0.15,0.15,0.25,0.2,0.4,0.15,0.7129917140924689,589,3573.0977466442946,-7.121917664526444,60.611205432937176,3.5434013582342945,8.744055281405643,0.40523547075112704,0.9768308970340659,-11.742790000000001,3569.5367878120314,0.18047330896238845,0.2659367121138761,0.27401074376284823,0.45669685891994743
cfg_159,0.9,0.08,0.35,0.7,0.15,0.15,0.25,0.2,0.4,0.15,0.7129917140924689,566,3561.958910397382,-7.001755963020395,60.600706713780916,3.5600249257950525,8.720701522282672,0.40822689742317936,0.9964933103078282,-11.572886206896552,3558.458032415872,0.2045258575409703,0.30822248031733346,0.318104094618041,0.4612068797813715
cfg_086,0.9,0.08,0.3,0.65,0.2,0.15,0.25,0.2,0.4,0.15,0.7129917140924689,589,3480.39318293335,-7.07080975622687,60.611205432937176,3.520564862478777,8.713716231460038,0.40402564978741384,0.9705354220430271,-11.742790000000001,3476.857778055237,0.18246666928033517,0.26611010233645066,0.2745260060267078,0.46575758763788716
cfg_087,0.9,0.08,0.35,0.65,0.2,0.15,0.25,0.2,0.4,0.15,0.7129917140924689,564,3461.1001344993783,-7.023404794343335,60.63829787234043,3.5453253758865237,8.694009117333293,0.4077894706618365,0.9906229689320937,-11.572886206896552,3457.5884321022068,0.20690483131306786,0.3085258311433092,0.31873646194186867,0.47001789375210323
cfg_160,0.9,0.08,0.4,0.7,0.15,0.15,0.25,0.2,0.4,0.15,0.7129917140924689,555,3458.589608563264,-7.332637459254954,60.9009009009009,3.5194775135135132,8.653378061286638,0.4067171789545291,0.9935572371271422,-11.510014285714286,3454.9232898336363,0.2282701640569986,0.3506321418411239,0.36219744547323385,0.46334426267812057
cfg_150,0.9,0.08,0.3,0.7,0.15,0.15,0.3,0.2,0.3,0.2,0.7129917140924689,588,3412.6069589524454,-7.116261727413164,60.544217687074834,3.5475734693877543,8.743045481262621,0.4057594664228412,0.9796665531268985,-11.742790000000001,3409.048828088739,0.18049639208508494,0.26626749147596407,0.27252838617111974,0.4568017822049317
cfg_078,0.9,0.08,0.3,0.65,0.2,0.15,0.3,0.2,0.3,0.2,0.7129917140924689,588,3398.2042814570796,-7.065519609024529,60.544217687074834,3.5192602108843527,8.712371351335127,0.4039382699573571,0.9718478137533049,-11.742790000000001,3394.671521652567,0.18241009132266445,0.2664810647471898,0.27256947547228083,0.4655004151030202
cfg_166,0.9,0.08,0.3,0.7,0.15,0.15,0.35,0.25,0.25,0.15,0.7129917140924689,590,3364.673064077859,-7.128916848397015,60.33898305084746,3.5250886440677958,8.731434710728806,0.4037238736649225,0.9734242412378221,-11.742790000000001,3361.1086056536606,0.1796485324189064,0.26508855693616734,0.27102738295206447,0.4529478746313929
cfg_151,0.9,0.08,0.35,0.7,0.15,0.15,0.3,0.2,0.3,0.2,0.7129917140924689,568,3359.52486607722,-7.001175822284389,60.56338028169014,3.551858112676056,8.698716532274466,0.4083197905688446,0.995447142956314,-11.572886206896552,3356.0242781660777,0.20422851573001236,0.3086010122659558,0.3162848375736469,0.4601056138148607
cfg_155,0.9,0.05,0.35,0.7,0.15,0.15,0.25,0.2,0.4,0.15,0.7129917140924689,587,3358.5143091415807,-7.029247464128508,60.6473594548552,3.6218151618398626,8.725836205171506,0.41506797476823326,0.9999506584059924,-11.631566666666664,3354.9996854095166,0.1864468036517228,0.3035703764484398,0.3145601051311567,0.4548226788390761
cfg_079,0.9,0.08,0.35,0.65,0.2,0.15,0.3,0.2,0.3,0.2,0.7129917140924689,567,3357.9207435540134,-7.023276993714567,60.84656084656085,3.5497292980599644,8.663685128282134,0.40972510490623254,0.9937782900776112,-11.572886206896552,3354.409105057156,0.20668259136100545,0.3088685206800793,0.3163352653523447,0.46919478281853866
cfg_039,0.9,0.08,0.35,0.6,0.2,0.2,0.25,0.2,0.4,0.15,0.7129917140924689,566,3345.835363533767,-7.081667301232852,61.130742049469966,3.557499314487632,8.673377827857806,0.4101630743055363,0.9922124985735175,-11.572886206896552,3342.2945298831505,0.20329928306026246,0.2956809669089654,0.3116879083162391,0.4566640113343054
cfg_038,0.9,0.08,0.3,0.6,0.2,0.2,0.25,0.2,0.4,0.15,0.7129917140924689,591,3343.5891263762114,-7.205920309850933,60.913705583756354,3.547015404399323,8.67935780734444,0.4086725634698286,0.9756068079011894,-11.742790000000001,3339.986166221286,0.17916631196040336,0.25573610251112944,0.2687827401095282,0.4507559634563791
cfg_094,0.9,0.08,0.3,0.65,0.2,0.15,0.35,0.25,0.25,0.15,0.7129917140924689,588,3335.156570751078,-7.07892457357977,60.37414965986394,3.509848646258503,8.714061301930082,0.402779889267144,0.9690190432978085,-11.742790000000001,3331.6171084642883,0.18193317948615118,0.265475192251592,0.27106135628814315,0.46333263402796
cfg_088,0.9,0.08,0.4,0.65,0.2,0.15,0.25,0.2,0.4,0.15,0.7129917140924689,551,3330.4819267755433,-7.279764156284896,61.34301270417423,3.56850058076225,8.673317379215817,0.411434336452806,1.0044559375771664,-11.510014285714286,3326.842044697401,0.2318515062997884,0.3510843632850059,0.3629469178570296,0.4745359571868386
cfg_156,0.9,0.05,0.4,0.7,0.15,0.15,0.25,0.2,0.4,0.15,0.7129917140924689,568,3316.388876399457,-6.881000789392511,60.2112676056338,3.501018330985915,8.697579587022185,0.4025278867479232,0.9607149139296148,-11.741837931034482,3312.9483760047606,0.21064441748283927,0.34582025574611264,0.3586534559863495,0.4589840499509693
cfg_167,0.9,0.08,0.35,0.7,0.15,0.15,0.35,0.25,0.25,0.15,0.7129917140924689,569,3314.9914882133585,-6.991700026120428,60.45694200351493,3.5723413075571173,8.723486900818743,0.40950841655093617,1.0011877826936393,-11.572886206896552,3311.4956382002983,0.2037784491233024,0.3073013191216839,0.31444269725935187,0.4584387004566756
cfg_062,0.9,0.08,0.3,0.55,0.25,0.2,0.25,0.2,0.4,0.15,0.7129917140924689,591,3291.6240781423326,-7.142163239710242,60.913705583756354,3.5410492453468696,8.679164965571943,0.40799423209413793,0.9739658154822177,-11.742790000000001,3288.0529965224773,0.1814380145380744,0.2559569291956407,0.26929800237338775,0.4610818842639745
cfg_095,0.9,0.08,0.35,0.65,0.2,0.15,0.35,0.25,0.25,0.15,0.7129917140924689,566,3274.9402744714544,-7.013974404933842,60.600706713780916,3.5277007279151937,8.680311820855037,0.4064025349227264,0.9893442846036471,-11.572886206896552,3271.4332872689874,0.20627222416294258,0.30764054919631445,0.3144843918081757,0.46767490430719477
cfg_152,0.9,0.08,0.4,0.7,0.15,0.15,0.3,0.2,0.3,0.2,0.7129917140924689,556,3272.5747950192613,-7.306494129549934,60.79136690647482,3.490307410071942,8.634273525073045,0.4042386889801958,0.9845505352608896,-11.510014285714286,3268.9215479544864,0.22790230195562725,0.3510416681861718,0.3600412889761742,0.4621946936113352
cfg_063,0.9,0.08,0.35,0.55,0.25,0.2,0.25,0.2,0.4,0.15,0.7129917140924689,567,3252.5248518788494,-7.070644570540107,61.37566137566137,3.5923081340387997,8.68923192786184,0.4134206755973608,1.001126000606263,-11.572886206896552,3248.9895295935794,0.20607402907430936,0.29595657252952623,0.31232027564006676,0.466940848423368
cfg_080,0.9,0.08,0.4,0.65,0.2,0.15,0.3,0.2,0.3,0.2,0.7129917140924689,554,3244.990112624828,-7.25361562103557,61.371841155234655,3.540093898916967,8.649423645114837,0.4092866813058,0.9983069715203127,-11.510014285714286,3241.36330481431,0.2313112665469093,0.3513510993624676,0.36010105523240854,0.4728477079590915
cfg_168,0.9,0.08,0.4,0.7,0.15,0.15,0.35,0.25,0.25,0.15,0.7129917140924689,558,3229.4836597455123,-7.296447584819765,60.752688172043015,3.510107734767024,8.652314875549683,0.40568423424881733,0.9901358370657187,-11.510014285714286,3225.8354359531027,0.22698263963676674,0.3493126967508273,0.3578580115666393,0.4593207488648961
cfg_083,0.9,0.05,0.35,0.65,0.2,0.15,0.25,0.2,0.4,0.15,0.7129917140924689,578,3221.042573025961,-7.043170188769421,60.726643598615915,3.5482238961937713,8.663622026474032,0.4095543278955634,0.9755022764821711,-11.741837931034482,3217.520987931576,0.18941037736780136,0.30355054663437486,0.3152627354909652,0.4647012578926712
cfg_154,0.9,0.05,0.3,0.7,0.15,0.15,0.25,0.2,0.4,0.15,0.7129917140924689,614,3209.667177318812,-7.406369074142038,60.26058631921825,3.4796211661237777,8.703743094359385,0.3997844523213016,0.9431557758074952,-11.939696774193546,3205.9639927817407,0.16208130984085095,0.2610423519720194,0.2704667542759639,0.44832523936340385
cfg_054,0.9,0.08,0.3,0.55,0.25,0.2,0.3,0.2,0.3,0.2,0.7129917140924689,591,3207.3518861162775,-7.155055101217311,60.913705583756354,3.5410492453468696,8.679164965571943,0.40799423209413793,0.9739658154822177,-11.742790000000001,3203.774358565669,0.18143430091838608,0.2563008837226046,0.26535329813200215,0.4610650041744822
cfg_147,0.9,0.05,0.35,0.7,0.15,0.15,0.3,0.2,0.3,0.2,0.7129917140924689,584,3204.849891330346,-7.028575633676592,60.445205479452056,3.572521239726027,8.703783698468316,0.41045611466134163,0.9899959105101422,-11.631566666666664,3201.335603513508,0.18605057367811478,0.3039625532316152,0.31253870841516324,0.45350191226038267
cfg_084,0.9,0.05,0.4,0.65,0.2,0.15,0.25,0.2,0.4,0.15,0.7129917140924689,564,3180.167552328588,-6.975084770081708,60.46099290780141,3.5213743191489355,8.650417559457676,0.407075646342522,0.975714880969644,-11.572886206896552,3176.6800099435472,0.21472222639097444,0.3462371885191047,0.3594731914061261,0.47063493254564126
cfg_055,0.9,0.08,0.35,0.55,0.25,0.2,0.3,0.2,0.3,0.2,0.7129917140924689,569,3174.2671964238234,-7.070445388397406,61.511423550087876,3.5922031845342697,8.676040388263404,0.41403716716137656,1.0010967526481773,-11.572886206896552,3170.7319737296248,0.20592004390376958,0.2964431196641995,0.3074790477074572,0.4663705329769244
cfg_163,0.9,0.05,0.35,0.7,0.15,0.15,0.35,0.25,0.25,0.15,0.7129917140924689,586,3172.8228284899833,-7.018018051265173,60.40955631399317,3.6095488054607507,8.730206734576134,0.41345513516479176,1.0002567700526688,-11.631566666666664,3169.3138194643507,0.18561951112833666,0.3024150070347179,0.31049188584372434,0.4520650370944556
cfg_040,0.9,0.08,0.4,0.6,0.2,0.2,0.25,0.2,0.4,0.15,0.7129917140924689,553,3172.075990842275,-7.1900993459862335,61.12115732368897,3.585419920433996,8.693165747498146,0.41244122389658383,1.0091149886707493,-11.510014285714286,3168.4809411692822,0.22649938680528436,0.3356390577770724,0.35459307652295013,0.4578105837665136
cfg_075,0.9,0.05,0.35,0.65,0.2,0.15,0.3,0.2,0.3,0.2,0.7129917140924689,577,3170.1510618607235,-7.042992281497895,60.65857885615251,3.5407719445407273,8.66440757157665,0.4086571315223134,0.9769650949056045,-11.741837931034482,3166.6295657199744,0.18965074484012082,0.3042384033881584,0.31259473928038295,0.46550248280040263
cfg_096,0.9,0.08,0.4,0.65,0.2,0.15,0.35,0.25,0.25,0.15,0.7129917140924689,554,3167.777164663706,-7.24354950696362,61.01083032490975,3.520953285198556,8.651718705398302,0.4069657608032993,0.9927863621702265,-11.510014285714286,3164.155389910224,0.23045097931050232,0.34994230224470857,0.3579074273282083,0.47015931034531977
cfg_030,0.9,0.08,0.3,0.6,0.2,0.2,0.3,0.2,0.3,0.2,0.7129917140924689,590,3152.853191208865,-7.218877533673229,60.67796610169491,3.531450006779661,8.690768155796416,0.4063449793473453,0.9733095369894247,-11.742790000000001,3149.2437524420284,0.1792006463162838,0.25600831106983885,0.2648380358681426,0.450912028710381
cfg_148,0.9,0.05,0.4,0.7,0.15,0.15,0.3,0.2,0.3,0.2,0.7129917140924689,569,3139.854616175099,-6.891033767344945,60.105448154657296,3.504591050966608,8.710929410356854,0.402321140015189,0.9656140769909861,-11.741837931034482,3136.4090992914266,0.210510615144182,0.3463318732628559,0.3562951598176905,0.4586017575548057
cfg_082,0.9,0.05,0.3,0.65,0.2,0.15,0.25,0.2,0.4,0.15,0.7129917140924689,610,3129.6531143558796,-7.338098563552808,60.49180327868853,3.514393278688524,8.669112356955209,0.4053925170169163,0.9598572974071831,-11.794096774193546,3125.984065074103,0.16448968849387197,0.2609876466207565,0.27105227957580436,0.45795875397548785
cfg_146,0.9,0.05,0.3,0.7,0.15,0.15,0.3,0.2,0.3,0.2,0.7129917140924689,614,3128.2412329478825,-7.4167766418494985,60.26058631921825,3.4860338697068394,8.697446172529325,0.40081120372062706,0.9464421871058433,-11.939696774193546,3124.5328446269577,0.16196359829755627,0.2616141262146126,0.2687822570126361,0.4478543931902252
cfg_046,0.9,0.08,0.3,0.6,0.2,0.2,0.35,0.25,0.25,0.15,0.7129917140924689,591,3128.0590141590296,-7.236668506607269,60.74450084602368,3.5270081285956,8.68408271461987,0.40614630750324315,0.9720853026408165,-11.742790000000001,3124.440679905726,0.17836838236880975,0.2557103496775074,0.2621827401095282,0.44712901076731715
cfg_076,0.9,0.05,0.4,0.65,0.2,0.15,0.3,0.2,0.3,0.2,0.7129917140924689,566,3110.4003387967437,-6.984538475782842,60.42402826855123,3.510313279151943,8.629398545356544,0.406785393060891,0.9746039007091936,-11.572886206896552,3106.9080695588523,0.21447440190657685,0.3466884102040873,0.35636052916044686,0.46992686259021943
cfg_074,0.9,0.05,0.3,0.65,0.2,0.15,0.3,0.2,0.3,0.2,0.7129917140924689,611,3105.808084604123,-7.3489593701404505,60.392798690671036,3.5043489361702123,8.659162502522173,0.4046983683640875,0.9608172549528982,-11.794096774193546,3102.1336049190527,0.1643013037075277,0.2617544435675303,0.26882894940031915,0.4572052148301108
cfg_031,0.9,0.08,0.35,0.6,0.2,0.2,0.3,0.2,0.3,0.2,0.7129917140924689,566,3104.240323654013,-7.0814647665047525,60.95406360424028,3.5433410106007064,8.67777389136568,0.4083237308275921,0.9903635324909916,-11.572886206896552,3100.6995912707607,0.20327921216058478,0.2960139090218378,0.3068466803836295,0.4565896746688326
cfg_164,0.9,0.05,0.4,0.7,0.15,0.15,0.35,0.25,0.25,0.15,0.7129917140924689,569,3101.8562521796694,-6.907499710466391,59.929701230228474,3.499241841827767,8.714448831909571,0.4015448262217851,0.9641402183951854,-11.741837931034482,3098.402502324436,0.20970360422729117,0.34446534460820455,0.35390720015101174,0.45629601207797466
cfg_035,0.9,0.05,0.35,0.6,0.2,0.2,0.25,0.2,0.4,0.15,0.7129917140924689,587,3097.6249205175227,-7.095329178944421,60.98807495741057,3.5997747938671196,8.671587713070132,0.41512291785291044,0.9951383404254746,-11.631566666666664,3094.0772559280504,0.1846109308446894,0.28964444298777225,0.3074310092402657,0.4487031028156314
cfg_091,0.9,0.05,0.35,0.65,0.2,0.15,0.35,0.25,0.25,0.15,0.7129917140924689,577,3093.400016180447,-7.0326202553883,60.65857885615251,3.5407719445407273,8.66440757157665,0.4086571315223134,0.9769650949056045,-11.741837931034482,3089.883706052753,0.18895027607506504,0.3028611959053675,0.31053821312019525,0.4631675869168834
cfg_015,0.9,0.08,0.35,0.5,0.2,0.3,0.25,0.2,0.4,0.15,0.7129917140924689,573,3090.004127710113,-7.122821286320691,61.60558464223386,3.6252143176265266,8.686185672638517,0.41735399797473255,1.0056387843278505,-11.572886206896552,3086.442717066953,0.1955791646552617,0.2743022869369873,0.29759080106498,0.428070980204673
cfg_162,0.9,0.05,0.3,0.7,0.15,0.15,0.35,0.25,0.25,0.15,0.7129917140924689,614,3088.051890466016,-7.432100522558882,60.09771986970684,3.47609364169381,8.697936931556368,0.39964576301794524,0.9437434608476921,-11.939696774193546,3084.3358402047365,0.16138772826437797,0.2600830350468649,0.26707657153643694,0.4455509130575118
cfg_064,0.9,0.08,0.4,0.55,0.25,0.2,0.25,0.2,0.4,0.15,0.7129917140924689,549,3080.8702053568095,-7.137509661499197,61.20218579234973,3.523507883424407,8.646622452013357,0.40750106795792407,0.9916898708569476,-11.510014285714286,3077.30145052606,0.23016367241640118,0.3359861194709871,0.3553425489067459,0.46926147630125375
cfg_047,0.9,0.08,0.35,0.6,0.2,0.2,0.35,0.25,0.25,0.15,0.7129917140924689,568,3080.6851479080374,-7.069026290249248,61.09154929577465,3.5434082957746473,8.664581961077706,0.40895317416259,0.9903823386917917,-11.572886206896552,3077.150634762913,0.20230240437884245,0.2956510971239542,0.3035879083162391,0.452971868069787
cfg_007,0.9,0.08,0.35,0.5,0.2,0.3,0.3,0.2,0.3,0.2,0.7129917140924689,572,3078.412746541647,-7.117923808179882,61.18881118881119,3.558361552447552,8.679582326237899,0.4099692149575932,0.9912271447816883,-11.572886206896552,3074.853784637557,0.19521461841105206,0.27624275939045306,0.2903289591660656,0.42672080892982245
cfg_111,0.9,0.08,0.35,0.5,0.3,0.2,0.25,0.2,0.4,0.15,0.7129917140924689,564,3076.658673552076,-7.068917828233623,61.347517730496456,3.5367624397163113,8.657046471579248,0.40854146403480296,0.9872740062208121,-11.572886206896552,3073.124214637959,0.2083503527570109,0.29621728848299794,0.31295264296389447,0.4753716768778182
cfg_110,0.9,0.08,0.3,0.5,0.3,0.2,0.25,0.2,0.4,0.15,0.7129917140924689,589,3066.3191853474236,-7.127180138670852,60.78098471986417,3.5361482308998298,8.600717986483042,0.4111457016097108,0.9884424983635633,-11.519449999999999,3062.755595278088,0.1837400879006233,0.2561249763823779,0.2698132646372473,0.4715458540937423
cfg_059,0.9,0.05,0.35,0.55,0.25,0.2,0.25,0.2,0.4,0.15,0.7129917140924689,582,3064.774247924318,-7.093734240509553,61.16838487972509,3.5608190859106523,8.64337472869034,0.4119709254408543,0.9826120636351703,-11.631566666666664,3061.227380804063,0.18795166153852985,0.2899648474676098,0.3081336396000742,0.4598388717950994
cfg_090,0.9,0.05,0.3,0.65,0.2,0.15,0.35,0.25,0.25,0.15,0.7129917140924689,612,3051.743094669726,-7.364266248176454,60.29411764705882,3.482299509803921,8.659219678550137,0.4021493435984734,0.956849386313822,-11.794096774193546,3048.060961545638,0.16340617515605202,0.2604520632720592,0.26711517760016273,0.453624700624208
cfg_023,0.9,0.08,0.35,0.5,0.2,0.3,0.35,0.25,0.25,0.15,0.7129917140924689,575,3049.1600727405153,-7.099061900879267,61.21739130434782,3.5830005286956514,8.691995506408272,0.41221840554957073,0.9974642874334136,-11.572886206896552,3045.610541790076,0.19395709113134904,0.2736690661905223,0.28912467889775345,0.42206330048647794
cfg_060,0.9,0.05,0.4,0.55,0.25,0.2,0.25,0.2,0.4,0.15,0.7129917140924689,567,3044.153238406584,-6.9275304023238675,61.022927689594354,3.544779746031746,8.612079156102993,0.41160556954701466,0.9833386236666171,-11.572886206896552,3040.689473205422,0.21249218984941293,0.3299437051308674,0.3511559128667533,0.4642633995697511
cfg_036,0.9,0.05,0.4,0.6,0.2,0.2,0.25,0.2,0.4,0.15,0.7129917140924689,565,3041.73787677066,-6.970188251818776,60.53097345132743,3.5509016141592915,8.659186720440404,0.41007333930994083,0.9856497847577753,-11.572886206896552,3038.252782644751,0.20960026157606493,0.3295876936856576,0.3503361774469767,0.4560007473601854
cfg_016,0.9,0.08,0.4,0.5,0.2,0.3,0.25,0.2,0.4,0.15,0.7129917140924689,556,3039.2875320957764,-7.016015438287337,60.97122302158273,3.5238890575539563,8.692627914952437,0.40538823150274433,0.975144149538307,-11.685,3035.7795243766327,0.2168783246423308,0.31027452206961936,0.33788539385479116,0.4277447645072838
cfg_070,0.9,0.08,0.3,0.55,0.25,0.2,0.35,0.25,0.25,0.15,0.7129917140924689,591,3039.1453469437693,-7.172934635244143,60.575296108291035,3.5125311404399318,8.68566701150826,0.40440545738006406,0.9674110245832053,-11.742790000000001,3035.5588796261472,0.180769027324881,0.2558442888763061,0.26269800237338775,0.4580410332949138
cfg_008,0.9,0.08,0.4,0.5,0.2,0.3,0.3,0.2,0.3,0.2,0.7129917140924689,556,3028.7777589097773,-7.029215878504502,60.79136690647482,3.477038525179856,8.66837625843738,0.4011176282057985,0.96429775958541,-11.685,3025.263150970525,0.21683708421305092,0.31256902712323276,0.32927876641904075,0.4276158881657841
cfg_103,0.9,0.08,0.35,0.5,0.3,0.2,0.3,0.2,0.3,0.2,0.7129917140924689,566,3027.7495276848567,-7.0681425681848875,61.30742049469965,3.523006742049469,8.645019740569994,0.40751864631568624,0.9838061514214034,-11.572886206896552,3024.215456400764,0.2084277598511302,0.2969963933865869,0.30811141503128486,0.47565836981900095
cfg_092,0.9,0.05,0.4,0.65,0.2,0.15,0.35,0.25,0.25,0.15,0.7129917140924689,568,3027.333557084441,-6.984849215779065,60.2112676056338,3.4819009084507035,8.62878915732308,0.4035213799952087,0.9703846384133833,-11.572886206896552,3023.8411324765516,0.2137127669735106,0.3450741694911691,0.3539612486402278,0.46775076278145883
cfg_135,0.9,0.08,0.35,0.45,0.35,0.2,0.25,0.2,0.4,0.15,0.7129917140924689,560,3011.757709525866,-7.03004491895538,61.07142857142858,3.431207728571428,8.580854897525365,0.3998678184805287,0.9542398681951039,-11.685,3008.2426870663885,0.21144261477680457,0.29655099350373704,0.31358501028772207,0.4868244991733503
cfg_056,0.9,0.08,0.4,0.55,0.25,0.2,0.3,0.2,0.3,0.2,0.7129917140924689,548,3005.9081086239944,-7.102612393906282,61.131386861313864,3.5159810729927004,8.65271103191022,0.4063444462696327,0.9895714531005697,-11.510014285714286,3002.356802427041,0.2300577245688866,0.3369951662788986,0.34960479728291227,0.4689303892777706
cfg_071,0.9,0.08,0.35,0.55,0.25,0.2,0.35,0.25,0.25,0.15,0.7129917140924689,567,3004.3260845187,-7.058009651836949,61.022927689594354,3.5582195978835975,8.697165293968764,0.4091240625668137,0.9929029095554323,-11.572886206896552,3000.7970796927816,0.20521122772529424,0.29585476398826366,0.30422027564006676,0.4637452878714602
cfg_024,0.9,0.08,0.4,0.5,0.2,0.3,0.35,0.25,0.25,0.15,0.7129917140924689,560,3002.8122825642954,-7.059397671795309,60.357142857142854,3.4298093214285714,8.650017245038967,0.3965089576434851,0.9544041248513984,-11.685,2999.2825837283976,0.21530004029949734,0.30949749449045544,0.3278514712862263,0.42281262593592916
cfg_102,0.9,0.08,0.3,0.5,0.3,0.2,0.3,0.2,0.3,0.2,0.7129917140924689,589,2996.546226320148,-7.146853596254488,60.78098471986417,3.5315288760611203,8.6015516907259,0.4105688139814095,0.9871512723347156,-11.519449999999999,2992.9727995220205,0.1837402472092302,0.2567424978885047,0.26586856039586176,0.47154657822377366
cfg_051,0.9,0.05,0.35,0.55,0.25,0.2,0.3,0.2,0.3,0.2,0.7129917140924689,582,2977.5009770405945,-7.093489820227794,61.16838487972509,3.5735525910652917,8.659959423406429,0.41265234816303803,0.9861258888184873,-11.631566666666664,2973.9542321304807,0.18787600750381958,0.2899983974605656,0.3027544974527302,0.45958669167939853
cfg_134,0.9,0.08,0.3,0.45,0.35,0.2,0.25,0.2,0.4,0.15,0.7129917140924689,586,2963.6042016117967,-7.1291163945816365,60.75085324232082,3.50092561774744,8.59495068719729,0.40732352577220543,0.9768888743077828,-11.519449999999999,2960.039643414506,0.18592384932238876,0.2563303338253755,0.27032852690110687,0.4814720423744945
cfg_027,0.9,0.05,0.35,0.6,0.2,0.2,0.3,0.2,0.3,0.2,0.7129917140924689,587,2949.2165662071516,-7.095080386488151,60.81771720613288,3.586123005110732,8.675894340413398,0.41334332397365925,0.9934326178924522,-11.631566666666664,2945.6690260139076,0.18459449460599645,0.2900144241707947,0.3020518670929217,0.4486483153533215
cfg_034,0.9,0.05,0.3,0.6,0.2,0.2,0.25,0.2,0.4,0.15,0.7129917140924689,616,2949.1842563015184,-7.511792816616003,60.55194805194806,3.481845292207792,8.65288916544221,0.402391065647014,0.94525879411509,-11.939696774193546,2945.42835989321,0.16034350294679905,0.24963324239460546,0.26452584103355475,0.44137401178719626
cfg_032,0.9,0.08,0.4,0.6,0.2,0.2,0.3,0.2,0.3,0.2,0.7129917140924689,556,2943.657604595055,-7.155208977271088,61.15107913669065,3.557054884892086,8.660518637893071,0.41072077015441255,1.0003530744301627,-11.510014285714286,2940.0800001064194,0.22601521526789184,0.3362300339062593,0.3488553248991165,0.45629754771216186
cfg_052,0.9,0.05,0.4,0.55,0.25,0.2,0.3,0.2,0.3,0.2,0.7129917140924689,565,2942.3773950214586,-6.946233535379276,60.88495575221239,3.5766382513274326,8.657041531682225,0.41314786792208275,0.9921763233247147,-11.572886206896552,2938.904278253769,0.21245253286625732,0.3307658858393571,0.3448802470281853,0.4641500939035923
cfg_058,0.9,0.05,0.3,0.55,0.25,0.2,0.25,0.2,0.4,0.15,0.7129917140924689,614,2941.1777513749985,-7.437575254819883,60.74918566775245,3.5253618892508136,8.632911239829259,0.408363041309404,0.9649173764851923,-11.794096774193546,2937.4589637475883,0.16314841844869596,0.24987395500751713,0.2651113663333952,0.4525936737947838
cfg_112,0.9,0.08,0.4,0.5,0.3,0.2,0.25,0.2,0.4,0.15,0.7129917140924689,548,2936.071516375779,-7.089901257461017,61.131386861313864,3.4511445839416055,8.596941049290555,0.40143867035431213,0.9733261827933439,-11.510014285714286,2932.5265657470486,0.23337312759558732,0.33659753433299505,0.3560920212905416,0.4792910237362104
cfg_043,0.9,0.05,0.35,0.6,0.2,0.2,0.35,0.25,0.25,0.15,0.7129917140924689,588,2930.851454726445,-7.081241264163962,60.8843537414966,3.60835068707483,8.682834136144141,0.41557291438452154,0.9995901602444031,-11.631566666666664,2927.310834094363,0.1836124076950236,0.28961233013772686,0.2984310092402657,0.44537469231674537
cfg_048,0.9,0.08,0.4,0.6,0.2,0.2,0.35,0.25,0.25,0.15,0.7129917140924689,558,2921.3954902931346,-7.141787174678482,61.111111111111114,3.5305134695340494,8.674663566237795,0.40699140002097334,0.9809966512793099,-11.685,2917.8245967057956,0.22508701114335622,0.3356081164673431,0.34499307652295014,0.45339690982298825
cfg_004,0.9,0.05,0.4,0.5,0.2,0.3,0.3,0.2,0.3,0.2,0.7129917140924689,572,2913.614209176195,-7.135156585247948,60.83916083916085,3.5152980979020976,8.602883194350378,0.408618601285978,0.9767653670234934,-11.572886206896552,2910.0466308835707,0.19871383358590541,0.3042222629999357,0.32264865077082583,0.4248966673883011
cfg_108,0.9,0.05,0.4,0.5,0.3,0.2,0.25,0.2,0.4,0.15,0.7129917140924689,559,2912.950930767799,-6.913392966747489,61.35957066189624,3.5774642576028617,8.53476806401082,0.4191636176603576,1.0163538649842212,-11.334507142857143,2909.494234284425,0.21666855696516613,0.3303809423722654,0.3519756482865299,0.4761958770433317
cfg_136,0.9,0.08,0.4,0.45,0.35,0.2,0.25,0.2,0.4,0.15,0.7129917140924689,542,2911.3002864384434,-7.076498869300963,61.07011070110702,3.4679004354243537,8.575485683813026,0.4043969710042566,0.9784819691329762,-11.427807142857143,2907.762037003793,0.23745178614147708,0.3368759038771062,0.3568414936743374,0.49203683169211565
cfg_012,0.9,0.05,0.4,0.5,0.2,0.3,0.25,0.2,0.4,0.15,0.7129917140924689,569,2899.351990414573,-7.141272000457056,61.15992970123023,3.5398599507908606,8.599911880060342,0.4116158398085845,0.9794632577384125,-11.572886206896552,2895.781354414344,0.19918703992930464,0.3017517028033865,0.33206214952867785,0.42624868551229894
cfg_104,0.9,0.08,0.4,0.5,0.3,0.2,0.3,0.2,0.3,0.2,0.7129917140924689,548,2897.8195805213904,-7.052204493598113,61.31386861313869,3.455352248175182,8.59511314617822,0.40201358486032146,0.9745163033716171,-11.510014285714286,2894.2934782745915,0.2336748990830304,0.33746638953827074,0.350354269666708,0.4802340596344699
cfg_020,0.9,0.05,0.4,0.5,0.2,0.3,0.35,0.25,0.25,0.15,0.7129917140924689,571,2897.5495931209975,-7.110971153958589,60.94570928196147,3.5263236637478106,8.59012958269137,0.4105087856710748,0.9755485077362781,-11.572886206896552,2893.9941075440183,0.19680044367854374,0.30087299763188224,0.32108754671931006,0.4194298390815535
cfg_143,0.9,0.08,0.35,0.45,0.35,0.2,0.35,0.25,0.25,0.15,0.7129917140924689,559,2893.8606049037885,-7.0374533513526405,60.46511627906976,3.3896066690518776,8.59100749803299,0.3945528705251354,0.9430910586195488,-11.685,2890.3418782281124,0.20986191300322554,0.2962408644276392,0.30548501028772207,0.4809700481600946
cfg_107,0.9,0.05,0.35,0.5,0.3,0.2,0.25,0.2,0.4,0.15,0.7129917140924689,578,2886.896991560475,-7.097919972505673,61.0726643598616,3.5739898062283735,8.592373360404087,0.41594908139097597,0.9972036131143909,-11.572886206896552,2883.348031574222,0.19129155407097412,0.2900426055849015,0.3088362699598827,0.47097184690324706
cfg_026,0.9,0.05,0.3,0.6,0.2,0.2,0.3,0.2,0.3,0.2,0.7129917140924689,615,2874.8955527462067,-7.525720358481736,60.48780487804878,3.4796660162601625,8.659689955564515,0.40182339484616425,0.9447463718362421,-11.939696774193546,2871.132692566966,0.16036599611642333,0.25000515148956953,0.2600432225774348,0.44146398446569335
cfg_050,0.9,0.05,0.3,0.55,0.25,0.2,0.3,0.2,0.3,0.2,0.7129917140924689,614,2868.9294453360826,-7.451641659126407,60.74918566775245,3.5253618892508136,8.632911239829259,0.408363041309404,0.9649173764851923,-11.794096774193546,2865.203624506519,0.1631492625829371,0.25023933932479914,0.2606287478772752,0.45259705033174835
cfg_028,0.9,0.05,0.4,0.6,0.2,0.2,0.3,0.2,0.3,0.2,0.7129917140924689,568,2864.297357591969,-6.969799113178099,60.2112676056338,3.503224845070422,8.654571630342453,0.40478315908650037,0.979063853697899,-11.572886206896552,2860.81245803538,0.20925547827674876,0.33001562618502767,0.34406051160840867,0.45501565221928225
cfg_014,0.9,0.08,0.3,0.5,0.2,0.3,0.25,0.2,0.4,0.15,0.7129917140924689,599,2862.4079041494037,-7.328469499269374,60.76794657762938,3.5179772954924875,8.62779027866586,0.4077495142865808,0.9648470137240404,-11.742790000000001,2858.7436693997693,0.17297898801528572,0.23817051947208864,0.2572962082751689,0.42263176370584415
cfg_132,0.9,0.05,0.4,0.45,0.35,0.2,0.25,0.2,0.4,0.15,0.7129917140924689,560,2862.0271232704813,-6.923848996902637,61.42857142857143,3.5862130714285714,8.549048980971826,0.4194867849524127,1.0180293341667144,-11.334507142857143,2858.56519877203,0.22035971525751985,0.33071425083817774,0.3527953837063065,0.4867420435929138
cfg_072,0.9,0.08,0.4,0.55,0.25,0.2,0.35,0.25,0.25,0.15,0.7129917140924689,550,2851.9433448836976,-7.089216381273,61.272727272727266,3.4929815054545448,8.625429756305707,0.4049631849243182,0.9830982341050974,-11.510014285714286,2848.398736693061,0.22906057674699423,0.33594014626931284,0.3457425489067459,0.46581430233435683
cfg_100,0.9,0.05,0.4,0.5,0.3,0.2,0.3,0.2,0.3,0.2,0.7129917140924689,559,2850.4876415294357,-6.91221776719323,61.35957066189624,3.558559964221824,8.549199891798002,0.41624479591778674,1.0104320217921385,-11.334507142857143,2847.031532645839,0.2168293621983718,0.3314953145920302,0.3456999824479619,0.47665532056677645
cfg_042,0.9,0.05,0.3,0.6,0.2,0.2,0.35,0.25,0.25,0.15,0.7129917140924689,617,2842.1674597524097,-7.546227702716656,60.45380875202593,3.4705946515397077,8.647836832132732,0.4013251774876271,0.9426903253877095,-11.939696774193546,2838.3943459010516,0.15982680825725806,0.24962126195465867,0.25702584103355475,0.43930723302903224
cfg_067,0.9,0.05,0.35,0.55,0.25,0.2,0.35,0.25,0.25,0.15,0.7129917140924689,585,2841.5403680626314,-7.079656249220012,60.85470085470085,3.5844888957264947,8.687528116267945,0.41260170301081533,0.9904983510827814,-11.631566666666664,2838.0005399380216,0.1870001711383355,0.2898641066556853,0.2991336396000742,0.45666723712778506
cfg_044,0.9,0.05,0.4,0.6,0.2,0.2,0.35,0.25,0.25,0.15,0.7129917140924689,569,2840.2131755192822,-6.967972003480838,60.28119507908612,3.498593342706502,8.647928910504817,0.4045585224985706,0.9777694644555952,-11.572886206896552,2836.7291895175417,0.2082622672196456,0.3295448765522637,0.3398361774469767,0.4521779063418446
cfg_127,0.9,0.08,0.35,0.45,0.35,0.2,0.3,0.2,0.3,0.2,0.7129917140924689,560,2839.0933658144368,-7.042743565346276,60.71428571428571,3.417237014285714,8.58148624020524,0.398210393704947,0.948726935833267,-11.685,2835.5719940317636,0.21085342016336311,0.297469744328851,0.3087437823551125,0.4846422969013448
cfg_119,0.9,0.08,0.35,0.5,0.3,0.2,0.35,0.25,0.25,0.15,0.7129917140924689,566,2837.424227529645,-7.055534254115059,60.7773851590106,3.4814461413427558,8.645972984824681,0.4026667845774389,0.9724206470913619,-11.572886206896552,2833.8964604025878,0.20769352767818014,0.2958783908992638,0.30485264296389447,0.4729389914006672
cfg_142,0.9,0.08,0.3,0.45,0.35,0.2,0.35,0.25,0.25,0.15,0.7129917140924689,586,2832.0725152875357,-7.14525932251584,60.580204778157,3.493511965870306,8.59633405042385,0.4063955571500918,0.9738968546361753,-11.519449999999999,2828.499885626278,0.1852518081559293,0.2561394238102518,0.2637285269011069,0.4784173097996786
cfg_118,0.9,0.08,0.3,0.5,0.3,0.2,0.35,0.25,0.25,0.15,0.7129917140924689,589,2822.2411549807375,-7.1468186684829345,60.611205432937176,3.5169735280135828,8.605996739321457,0.4086654497490409,0.985120569665123,-11.519449999999999,2818.667745646496,0.18307918357486194,0.2558754311010448,0.2632132646372473,0.46854174352209993
cfg_006,0.9,0.08,0.3,0.5,0.2,0.3,0.3,0.2,0.3,0.2,0.7129917140924689,599,2821.1561400188657,-7.332930088854517,60.60100166944908,3.5024918196994985,8.636412377280003,0.4055493955931956,0.9624601170550319,-11.742790000000001,2817.4896749744385,0.17299053375246368,0.23974500124047785,0.2513791519130905,0.42268424432938034
cfg_099,0.9,0.05,0.35,0.5,0.3,0.2,0.3,0.2,0.3,0.2,0.7129917140924689,579,2820.142934739144,-7.097017102525182,60.96718480138169,3.519240089810017,8.569533036531217,0.41066882813891786,0.9815881381081908,-11.572886206896552,2816.5944261878813,0.19138671008189045,0.2906971416467343,0.30345712781253875,0.47128903360630153
cfg_131,0.9,0.05,0.35,0.45,0.35,0.2,0.25,0.2,0.4,0.15,0.7129917140924689,574,2816.539308088706,-7.084710382797644,60.97560975609756,3.507688529616724,8.556233876160556,0.409957065267918,0.9785766425933585,-11.572886206896552,2812.9969528973074,0.1942202854510866,0.2902102124343299,0.3095389003196912,0.4807342848369552
cfg_011,0.9,0.05,0.35,0.5,0.2,0.3,0.25,0.2,0.4,0.15,0.7129917140924689,593,2812.3452661818897,-7.238066611903326,61.04553119730185,3.5405656053962895,8.645931529283848,0.40950655153864707,0.9700500402566133,-11.742790000000001,2808.726232875938,0.17593443326442887,0.2657471331018419,0.2917675567388667,0.4197814442147628
cfg_126,0.9,0.08,0.3,0.45,0.35,0.2,0.3,0.2,0.3,0.2,0.7129917140924689,586,2807.0808627805986,-7.148790214043554,60.580204778157,3.493511965870306,8.59633405042385,0.4063955571500918,0.9738968546361753,-11.519449999999999,2803.506467673577,0.18592217586580412,0.2571894220152411,0.26638382265972127,0.4814644357536551
cfg_144,0.9,0.08,0.4,0.45,0.35,0.2,0.35,0.25,0.25,0.15,0.7129917140924689,542,2801.1493891578393,-7.020033136605896,60.51660516605166,3.4494500590405894,8.610207702315085,0.4006233273691078,0.9727697812904205,-11.427807142857143,2797.6393725895364,0.23596893375820918,0.3364135746499429,0.3472414936743373,0.48740291799440366
cfg_068,0.9,0.05,0.4,0.55,0.25,0.2,0.35,0.25,0.25,0.15,0.7129917140924689,567,2800.618499742766,-6.968698142985186,60.670194003527335,3.5723511604938265,8.682145823252934,0.4114594747909193,0.9923907901130277,-11.572886206896552,2797.1341506712733,0.21157645849694207,0.3298117310958974,0.3406559128667533,0.46164702427697724
cfg_003,0.9,0.05,0.35,0.5,0.2,0.3,0.3,0.2,0.3,0.2,0.7129917140924689,598,2794.5851767062413,-7.226958586108811,60.86956521739131,3.5179332842809354,8.631425178269811,0.40757270226214404,0.967241154782948,-11.742790000000001,2790.971697413187,0.1758735627323346,0.26784419320871394,0.2836988435178507,0.4195785424411152
cfg_157,0.9,0.08,0.25,0.7,0.15,0.15,0.25,0.2,0.4,0.15,0.7129917140924689,622,2794.0996659042958,-7.4650832078859475,59.64630225080386,3.408940025723472,8.689168679888995,0.3923206179221073,0.9240424781017427,-11.9130875,2790.3671243003528,0.15591265876677013,0.2234399064528968,0.22991739290765545,0.4465450515692361
cfg_019,0.9,0.05,0.35,0.5,0.2,0.3,0.35,0.25,0.25,0.15,0.7129917140924689,599,2764.131195715018,-7.2635219559422985,60.434056761268785,3.473803011686143,8.630581392018152,0.40249930495978303,0.9576321720091948,-11.742790000000001,2760.4994347370466,0.17422219880376844,0.2649435075165711,0.2823607543308372,0.41407399601256145
cfg_022,0.9,0.08,0.3,0.5,0.2,0.3,0.35,0.25,0.25,0.15,0.7129917140924689,599,2761.395631478981,-7.367696757239328,60.434056761268785,3.4844141903171955,8.633472838913129,0.40359357761712145,0.9570237648690468,-11.742790000000001,2757.7117831003616,0.1720049589169553,0.23762523884548548,0.2503978865092806,0.41820435871343337
cfg_128,0.9,0.08,0.4,0.45,0.35,0.2,0.3,0.2,0.3,0.2,0.7129917140924689,540,2750.8743695463354,-7.037978543493628,60.74074074074074,3.4474952518518514,8.586740589447983,0.401490555809778,0.969479008755222,-11.53924074074074,2747.3553802745887,0.23769387806102943,0.3378703982767042,0.35110374205050376,0.49279336894071696
cfg_140,0.9,0.05,0.4,0.45,0.35,0.2,0.35,0.25,0.25,0.15,0.7129917140924689,560,2734.574690192543,-6.916579001004952,61.07142857142858,3.5378736142857137,8.519197016867722,0.4152825210264352,1.0034547298011625,-11.334507142857143,2731.1164006920408,0.2185835854780769,0.3303039895708749,0.34229538370630647,0.4816673870802197
cfg_066,0.9,0.05,0.3,0.55,0.25,0.2,0.35,0.25,0.25,0.15,0.7129917140924689,614,2731.4698135922604,-7.471937588972777,60.423452768729646,3.4979120521172637,8.639155172244369,0.4048905225542488,0.9587467154841942,-11.794096774193546,2727.733844797774,0.16240335221057406,0.24976144627230637,0.2576113663333952,0.4496134088422961
cfg_106,0.9,0.05,0.3,0.5,0.3,0.2,0.25,0.2,0.4,0.15,0.7129917140924689,611,2724.831596804156,-7.390160008582081,60.55646481178396,3.5093527004909983,8.629369689616487,0.4066754382667969,0.9591035800782424,-11.794096774193546,2721.136516799865,0.16552918246614867,0.2501183488469488,0.2656968916332356,0.4621167298645946
cfg_120,0.9,0.08,0.4,0.5,0.3,0.2,0.35,0.25,0.25,0.15,0.7129917140924689,548,2717.805323279782,-7.034205972336494,60.94890510948905,3.412821591240875,8.584157322225831,0.397572116066012,0.9604726972760018,-11.510014285714286,2714.288220293614,0.2324587487467247,0.3359711741390848,0.34649202129054163,0.4764335898335147
cfg_149,0.9,0.08,0.25,0.7,0.15,0.15,0.3,0.2,0.3,0.2,0.7129917140924689,622,2715.0576290446206,-7.4758432534496215,59.64630225080386,3.411028289389067,8.681287422017661,0.39291733167801196,0.9261062597576013,-11.9130875,2711.3197074178956,0.1559113779857096,0.22391501503231098,0.22877193476859253,0.44653751756299753
cfg_139,0.9,0.05,0.35,0.45,0.35,0.2,0.35,0.25,0.25,0.15,0.7129917140924689,577,2699.0472181081122,-7.064053585659358,60.65857885615251,3.510904353552859,8.578816860940318,0.4092527455083161,0.980995156696065,-11.572886206896552,2695.5151913152827,0.19307617593515927,0.29005069956736423,0.3005389003196912,0.47692058645053104
cfg_116,0.9,0.05,0.4,0.5,0.3,0.2,0.35,0.25,0.25,0.15,0.7129917140924689,561,2697.5799196006074,-6.922414520126107,60.78431372549019,3.498336577540106,8.585036769652087,0.4074923231437573,0.9820060384535293,-11.40343103448276,2694.1187123405443,0.21575084888610657,0.32990991918463985,0.3414756482865299,0.47357385396030444
cfg_085,0.9,0.08,0.25,0.65,0.2,0.15,0.25,0.2,0.4,0.15,0.7129917140924689,620,2696.6862318432018,-7.554194227005251,59.83870967741935,3.4154814516129024,8.646450935698851,0.39501542043236554,0.9347997346507968,-11.867274193548386,2692.909134729699,0.15771723414589497,0.22336198294025325,0.23031555011154692,0.4571602008582057
cfg_124,0.9,0.05,0.4,0.45,0.35,0.2,0.3,0.2,0.3,0.2,0.7129917140924689,560,2687.2090317731595,-6.922673793555035,61.07142857142858,3.5404014714285705,8.518944493218909,0.41559156468817643,1.0040418801275075,-11.334507142857143,2683.747694876382,0.21993828208444097,0.33190522412999207,0.3465197178677385,0.48553794881268836
cfg_115,0.9,0.05,0.35,0.5,0.3,0.2,0.35,0.25,0.25,0.15,0.7129917140924689,578,2678.581166106346,-7.0829652536654635,60.726643598615915,3.505613342560553,8.58141710400239,0.40851217229908654,0.9798643713614733,-11.572886206896552,2675.039683479513,0.19038184458925944,0.28972589694754713,0.2998362699598827,0.4679394819641982
cfg_165,0.9,0.08,0.25,0.7,0.15,0.15,0.35,0.25,0.25,0.15,0.7129917140924689,623,2667.6638851470384,-7.4668679506148745,59.55056179775281,3.4118216629213483,8.678749314280005,0.39312365634383983,0.9263216634811229,-11.9130875,2663.930451171731,0.15540402270950995,0.22296898213466257,0.22761206864477712,0.4435530747618231
cfg_077,0.9,0.08,0.25,0.65,0.2,0.15,0.3,0.2,0.3,0.2,0.7129917140924689,620,2658.0327405921457,-7.56494169173706,59.83870967741935,3.417576451612902,8.638503556786212,0.3956213514467019,0.9369634395596749,-11.867274193548386,2654.2502697462774,0.1577195919071362,0.22405823658970614,0.22880368559221703,0.4571740700419778
cfg_123,0.9,0.05,0.35,0.45,0.35,0.2,0.3,0.2,0.3,0.2,0.7129917140924689,575,2654.701531298943,-7.083811059074064,60.69565217391304,3.4959551582608692,8.552986419114541,0.4087408756370728,0.9747651897696017,-11.572886206896552,2651.159625769406,0.1941256289888002,0.29161306951485894,0.30415975817234725,0.4804187632960007
cfg_098,0.9,0.05,0.3,0.5,0.3,0.2,0.3,0.2,0.3,0.2,0.7129917140924689,612,2645.833206828204,-7.404291682287445,60.29411764705882,3.4609722287581697,8.596820744823635,0.40258746011915036,0.9462251599191928,-11.794096774193546,2642.13106098706,0.16568162553177768,0.250764908732085,0.26121427317711565,0.4627265021271107
cfg_093,0.9,0.08,0.25,0.65,0.2,0.15,0.35,0.25,0.25,0.15,0.7129917140924689,620,2643.108287680894,-7.555954428157796,60.0,3.43320564516129,8.640270394158916,0.3973493291925494,0.941811743085479,-11.867274193548386,2639.3303104668153,0.15733365392129955,0.22327675267871439,0.22763832076811064,0.4549038465958798
cfg_130,0.9,0.05,0.3,0.45,0.35,0.2,0.25,0.2,0.4,0.15,0.7129917140924689,602,2594.456567624904,-7.315814325838311,60.46511627906976,3.4838875548172754,8.58110721050808,0.4059951087140651,0.962355736953401,-11.638674193548388,2590.798660461985,0.16850157574919258,0.2504754805062223,0.266282416933076,0.47400630299677043
cfg_037,0.9,0.08,0.25,0.6,0.2,0.2,0.25,0.2,0.4,0.15,0.7129917140924689,624,2544.4988699810974,-7.425973163987443,60.256410256410255,3.4448211538461533,8.611755749447585,0.4000138013746067,0.9437475808986215,-11.7720375,2540.7858833991036,0.1551782327063802,0.21578210737633188,0.2258775719028172,0.44222489827282463
cfg_061,0.9,0.08,0.25,0.55,0.25,0.2,0.25,0.2,0.4,0.15,0.7129917140924689,624,2534.507141260024,-7.515001978658797,60.256410256410255,3.437747275641025,8.611083184922446,0.39922355896646544,0.9418096122362405,-11.7720375,2530.7496402706947,0.1567989445696738,0.2159431984067349,0.22627572910670873,0.4517584974686694
cfg_114,0.9,0.05,0.3,0.5,0.3,0.2,0.35,0.25,0.25,0.15,0.7129917140924689,613,2516.3328343701787,-7.4246187856845,60.1957585644372,3.447246009787927,8.593971150643068,0.401123758663069,0.9443395054353373,-11.794096774193546,2512.6205249773366,0.16474656378787458,0.2498198383692798,0.2581968916332356,0.45898625515149827
cfg_053,0.9,0.08,0.25,0.55,0.25,0.2,0.3,0.2,0.3,0.2,0.7129917140924689,624,2492.646690791464,-7.529400804065989,60.256410256410255,3.437747275641025,8.611083184922446,0.39922355896646544,0.9418096122362405,-11.7720375,2488.881990389431,0.15680322166193023,0.21639525179923969,0.22322754855654714,0.4517836568348838
cfg_122,0.9,0.05,0.3,0.45,0.35,0.2,0.3,0.2,0.3,0.2,0.7129917140924689,602,2477.6241947705,-7.329921902841463,60.46511627906976,3.4838875548172754,8.58110721050808,0.4059951087140651,0.962355736953401,-11.638674193548388,2473.959233819079,0.16851277996148875,0.2513549009622746,0.26179979847695606,0.47405111984595505
cfg_029,0.9,0.08,0.25,0.6,0.2,0.2,0.3,0.2,0.3,0.2,0.7129917140924689,624,2458.7989371836975,-7.440389022540805,60.09615384615385,3.431978846153846,8.615604844161533,0.3983445049107106,0.9420434896546407,-11.7720375,2455.078742672427,0.1551822560054774,0.2160099252032373,0.22282939135265561,0.4422485647381022
cfg_138,0.9,0.05,0.3,0.45,0.35,0.2,0.35,0.25,0.25,0.15,0.7129917140924689,603,2457.2264740839446,-7.34804143591724,60.3648424543947,3.45800648092869,8.583928354337719,0.4028466149978121,0.9549319468081763,-11.638674193548388,2453.552453365986,0.1674786070086006,0.25019012337761604,0.258782416933076,0.4699144280344024
cfg_045,0.9,0.08,0.25,0.6,0.2,0.2,0.35,0.25,0.25,0.15,0.7129917140924689,625,2436.3557612284153,-7.42843156694647,60.0,3.4245494399999994,8.610709805068856,0.39770814689214984,0.9403220186039312,-11.7720375,2432.641545444942,0.15455560797773715,0.21575739621667658,0.22077757190281722,0.438562399869042
cfg_109,0.9,0.08,0.25,0.5,0.3,0.2,0.25,0.2,0.4,0.15,0.7129917140924689,624,2405.6531185575855,-7.545671844750745,60.09615384615385,3.434015698717948,8.62755325695714,0.3980289192592123,0.9385958772566886,-11.7720375,2401.8802826352103,0.15850017958982143,0.2161368112670728,0.2266738863106002,0.4617657622930673
cfg_010,0.9,0.05,0.3,0.5,0.2,0.3,0.25,0.2,0.4,0.15,0.7129917140924689,624,2376.471540749496,-7.33898256656873,60.256410256410255,3.4455656987179486,8.640640441590563,0.39876276787692505,0.9366623334736024,-11.842196874999999,2372.8020494662114,0.1539065713819467,0.22949819398540586,0.2514729639490556,0.4156262855277868
cfg_101,0.9,0.08,0.25,0.5,0.3,0.2,0.3,0.2,0.3,0.2,0.7129917140924689,622,2362.299250871262,-7.549409653174277,60.12861736334405,3.419318810289388,8.60010339693234,0.3975904303091356,0.9343636788005749,-11.7720375,2358.524546044675,0.15833512511593603,0.2166988393730583,0.2236257057604386,0.46079485362315326
cfg_069,0.9,0.08,0.25,0.55,0.25,0.2,0.35,0.25,0.25,0.15,0.7129917140924689,625,2359.8930200547943,-7.51742723308838,60.0,3.415572959999999,8.61091967102737,0.39665600080931734,0.9369944894529777,-11.7720375,2356.13430643825,0.15632460009246724,0.2158767393689578,0.22117572910670874,0.4489682358380427
cfg_002,0.9,0.05,0.3,0.5,0.2,0.3,0.3,0.2,0.3,0.2,0.7129917140924689,625,2339.5653657089833,-7.371691878171205,60.160000000000004,3.4633563071999998,8.672718547981177,0.39933917929415513,0.9432269406929622,-11.842196874999999,2335.879519769898,0.15402032630725226,0.23136703787028748,0.2447490362648756,0.41608130522900894
cfg_133,0.9,0.08,0.25,0.45,0.35,0.2,0.25,0.2,0.4,0.15,0.7129917140924689,620,2322.223499912223,-7.471098265797127,60.0,3.3969575806451613,8.60840799475077,0.3946092683707087,0.926982202815037,-11.867274193548386,2318.4879507793244,0.16014674544557286,0.21634692183568632,0.22707204351449167,0.47145144379748744
cfg_153,0.9,0.05,0.25,0.7,0.15,0.15,0.25,0.2,0.4,0.15,0.7129917140924689,647,2274.2747203114145,-7.0219839310128425,59.65996908809892,3.4142724698608964,8.658999811714718,0.394303331112416,0.9342279700050101,-11.819348484848485,2270.763728345908,0.13869717153823177,0.2186659042999113,0.2263734034207711,0.44348585769115884
cfg_145,0.9,0.05,0.25,0.7,0.15,0.15,0.3,0.2,0.3,0.2,0.7129917140924689,647,2272.1200913072144,-7.035131561812291,59.50540958268934,3.395926565687789,8.653144222529404,0.39245001335423535,0.9326014449577202,-11.819348484848485,2268.602525526308,0.1385874850757963,0.21930324846626081,0.22502580561010888,0.44293742537898134
cfg_018,0.9,0.05,0.3,0.5,0.2,0.3,0.35,0.25,0.25,0.15,0.7129917140924689,626,2266.0973218493477,-7.344138994968641,59.904153354632584,3.418003987220447,8.640976210159545,0.39555762035333014,0.9320227627493934,-11.842196874999999,2262.4252523518635,0.1526852096111119,0.22888413597708995,0.2436339619423643,0.4107408384444476
cfg_125,0.9,0.08,0.25,0.45,0.35,0.2,0.3,0.2,0.3,0.2,0.7129917140924689,621,2264.69592647237,-7.474841765205276,60.06441223832528,3.402084380032205,8.602421351442889,0.3954798586402155,0.9283812346476011,-11.7720375,2260.9585055897674,0.16002504681088264,0.21692189111044363,0.22402386296433008,0.4707355694757804
cfg_141,0.9,0.08,0.25,0.45,0.35,0.2,0.35,0.25,0.25,0.15,0.7129917140924689,622,2254.8793334610123,-7.493215668537112,60.12861736334405,3.407154340836012,8.596431927551258,0.39634517780757433,0.92976475602593,-11.7720375,2251.1327256267436,0.1593966905679038,0.21613646633548883,0.22197204351449168,0.467039356281787
cfg_117,0.9,0.08,0.25,0.5,0.3,0.2,0.35,0.25,0.25,0.15,0.7129917140924689,624,2245.954380106794,-7.567777292422361,59.77564102564102,3.3799625,8.604379366305286,0.39281886073456024,0.9258242699721491,-11.7720375,2242.1704914605825,0.15792257185477596,0.21593655736861064,0.2215738863106002,0.4583680697339764
cfg_161,0.9,0.05,0.25,0.7,0.15,0.15,0.35,0.25,0.25,0.15,0.7129917140924689,650,2219.0742054518,-7.024215432183356,59.07692307692308,3.3472075199999995,8.654754400730315,0.3867478341982242,0.9215341889940906,-11.819348484848485,2215.5620977357084,0.13805115224191328,0.21826232448742489,0.2236612572291496,0.4402557612095664
cfg_089,0.9,0.05,0.25,0.65,0.2,0.15,0.35,0.25,0.25,0.15,0.7129917140924689,646,2202.9616565208344,-7.13457534872266,59.59752321981424,3.4168111269349843,8.658804046334568,0.39460543380484325,0.937441720493843,-11.819348484848485,2199.394368846473,0.14019977980898085,0.21854161752752022,0.22369214208013016,0.4509988990449042
cfg_081,0.9,0.05,0.25,0.65,0.2,0.15,0.25,0.2,0.4,0.15,0.7129917140924689,646,2200.9583417910067,-7.132377235278097,59.59752321981424,3.416178619195046,8.665729255974437,0.3942170956748759,0.9347811781160068,-11.819348484848485,2197.3921531733677,0.14060173446789223,0.2186223552173429,0.22684182366064348,0.45300867233946107
cfg_073,0.9,0.05,0.25,0.65,0.2,0.15,0.3,0.2,0.3,0.2,0.7129917140924689,645,2199.5320237202536,-7.145506374770427,59.53488372093023,3.409152229457364,8.661782924785427,0.3935855076328661,0.9344051143779002,-11.819348484848485,2195.9592705328682,0.14062363982397272,0.21944719082918657,0.22506315952025535,0.45311819911986345
cfg_013,0.9,0.08,0.25,0.5,0.2,0.3,0.25,0.2,0.4,0.15,0.7129917140924689,634,2157.493644428251,-7.2753111625435185,59.93690851735016,3.379245104100946,8.613527483026786,0.3923183748771743,0.917448485341452,-11.9130875,2153.8559888469795,0.1499967010758704,0.2017406481502364,0.2170016154853578,0.41174530044629637
cfg_005,0.9,0.08,0.25,0.5,0.2,0.3,0.3,0.2,0.3,0.2,0.7129917140924689,637,2136.4650112261247,-7.301978426430111,59.968602825745684,3.4210789450549446,8.664093549325504,0.3948571106231043,0.932245241449075,-11.9130875,2132.81402201291,0.15017948693939576,0.2032312436339335,0.21242934466011537,0.4128205114082102
cfg_033,0.9,0.05,0.25,0.6,0.2,0.2,0.25,0.2,0.4,0.15,0.7129917140924689,650,2091.579666057128,-7.140416487185563,59.38461538461538,3.386261366153846,8.648692408733016,0.39153448939108637,0.9313570343858568,-11.819348484848485,2088.0094578135354,0.13775656638197242,0.20972512482627273,0.22162067282684383,0.438782831909862
cfg_021,0.9,0.08,0.25,0.5,0.2,0.3,0.35,0.25,0.25,0.15,0.7129917140924689,641,2079.9182718273696,-7.289241304997008,59.59438377535101,3.357791875195007,8.622338325184742,0.3894293808197398,0.9174552139126155,-11.819348484848485,2076.2736511748712,0.14926797577528944,0.20150828598147552,0.2116710941208077,0.40745868103111427
cfg_025,0.9,0.05,0.25,0.6,0.2,0.2,0.3,0.2,0.3,0.2,0.7129917140924689,652,2065.840151803095,-7.161356070510305,59.355828220858896,3.388245680981595,8.67690793881024,0.39048998847003835,0.9342612129960072,-11.819348484848485,2062.25947376784,0.137721413937618,0.21000618178748348,0.21803457806194781,0.43860706968809
cfg_057,0.9,0.05,0.25,0.55,0.25,0.2,0.25,0.2,0.4,0.15,0.7129917140924689,650,2038.48954572082,-7.2089226758495055,59.53846153846154,3.390162289230769,8.647476112624634,0.3920406654007866,0.9328523339097732,-11.819348484848485,2034.8850843828952,0.13961184758213668,0.20985500611992475,0.22208909306671615,0.44805923791068336
cfg_049,0.9,0.05,0.25,0.55,0.25,0.2,0.3,0.2,0.3,0.2,0.7129917140924689,650,2037.8375069540532,-7.229843580061701,59.53846153846154,3.390162289230769,8.647476112624634,0.3920406654007866,0.9328523339097732,-11.819348484848485,2034.2225851640223,0.1395997524782011,0.20999038476339363,0.21850299830182018,0.4479987623910053
cfg_041,0.9,0.05,0.25,0.6,0.2,0.2,0.35,0.25,0.25,0.15,0.7129917140924689,655,2031.1352856927815,-7.151418668193077,59.083969465648856,3.3504132641221376,8.634369325406212,0.38803219295515995,0.9240409652042328,-11.819348484848485,2027.559576358685,0.13688090633897795,0.20969993860049338,0.21562067282684383,0.4344045316948899
cfg_105,0.9,0.05,0.25,0.5,0.3,0.2,0.25,0.2,0.4,0.15,0.7129917140924689,647,1955.505816615663,-7.2775511657748755,59.65996908809892,3.4045472766615146,8.660195764402493,0.39312590261017155,0.9353426078186947,-11.819348484848485,1951.8670410327754,0.14153314471895642,0.2100804900348839,0.22255751330658852,0.4576657235947821
cfg_065,0.9,0.05,0.25,0.55,0.25,0.2,0.35,0.25,0.25,0.15,0.7129917140924689,654,1950.9104435022953,-7.219892599657307,59.32721712538226,3.3886672538226295,8.657566410251352,0.3914110609431926,0.9344796556569769,-11.819348484848485,1947.3004972024667,0.1391117203036591,0.20979332887218818,0.21608909306671614,0.4455586015182953
cfg_097,0.9,0.05,0.25,0.5,0.3,0.2,0.3,0.2,0.3,0.2,0.7129917140924689,646,1944.3935260481933,-7.298453494019597,59.75232198142415,3.411434965944272,8.662992669808462,0.3937940496975739,0.9354058015116673,-11.819348484848485,1940.7442993011834,0.1415995361893813,0.2103170352759718,0.2189714185416925,0.4579976809469064
cfg_129,0.9,0.05,0.25,0.45,0.35,0.2,0.25,0.2,0.4,0.15,0.7129917140924689,645,1919.8973177981227,-7.34630180859559,59.84496124031008,3.4598509829457367,8.692814733367927,0.39801273684861554,0.9471406166315337,-11.819348484848485,1916.224166893825,0.14386218978355292,0.2103616555389845,0.22302593354646083,0.46931094891776454
cfg_121,0.9,0.05,0.25,0.45,0.35,0.2,0.3,0.2,0.3,0.2,0.7129917140924689,645,1905.0613890938373,-7.367185664397757,60.15503875968993,3.4477221519379846,8.65423336857352,0.3983856229782112,0.941954255330753,-11.819348484848485,1901.3777962616384,0.14342626410900566,0.21103608259046883,0.21943983878156487,0.46713132054502826
cfg_137,0.9,0.05,0.25,0.45,0.35,0.2,0.35,0.25,0.25,0.15,0.7129917140924689,648,1887.034068149821,-7.357154862624304,59.876543209876544,3.4206086234567894,8.644196525558423,0.39571157519880834,0.9369245452626166,-11.819348484848485,1883.355490718509,0.14291559308462393,0.2099837854532352,0.21702593354646083,0.46457796542311963
cfg_113,0.9,0.05,0.25,0.5,0.3,0.2,0.35,0.25,0.25,0.15,0.7129917140924689,649,1881.2009876209268,-7.288462576781784,59.47611710323575,3.3941164684129426,8.660988271165586,0.3918855865112685,0.9345909307049541,-11.819348484848485,1877.5567563325358,0.1408049700333847,0.2098249858444433,0.2165575133065885,0.4540248501669234
cfg_009,0.9,0.05,0.25,0.5,0.2,0.3,0.25,0.2,0.4,0.15,0.7129917140924689,661,1759.6937098696567,-7.497986299179161,59.30408472012103,3.378403757942511,8.625089175277747,0.3916949366304632,0.9308741856668474,-11.722167647058823,1755.9447167200672,0.132299077565213,0.19371083416238571,0.21117837115924448,0.411495387826065
cfg_001,0.9,0.05,0.25,0.5,0.2,0.3,0.3,0.2,0.3,0.2,0.7129917140924689,661,1748.9605694126972,-7.538450576340661,59.30408472012103,3.376687570347957,8.625212790956157,0.3914903495353221,0.930715047765132,-11.722167647058823,1745.191344124527,0.13243752243070325,0.19493936815056417,0.20579922901190045,0.41218761215351624
cfg_017,0.9,0.05,0.25,0.5,0.2,0.3,0.35,0.25,0.25,0.15,0.7129917140924689,664,1679.357892618499,-7.511066440492065,59.036144578313255,3.3502474156626505,8.616910210211385,0.38879915583807206,0.9251738036769339,-11.722167647058823,1675.602359398253,0.1316346090879354,0.1926663290328976,0.2049071695538915,0.408173045439677
